id,source,source_id,image_path,image_url,artist,style,genre,emotion,description,composition,color_harmony,contrast,lighting,perspective,critique_notes,split
ACD_000001,wikiart,Post_Impressionism/moise-kisling_girl-with-green-shawl-1919.jpg,data/processed/wikiart_subset/images/ACD_000001.jpg,,Moise Kisling,Post Impressionism,Post Impressionism,,girl with green shawl 1919,,,,,,,train
ACD_000002,wikiart,Baroque/agostino-carracci_landscape-with-bathers-1599.jpg,data/processed/wikiart_subset/images/ACD_000002.jpg,,Agostino Carracci,Baroque,Baroque,,landscape with bathers 1599,,,,,,,train
ACD_000003,wikiart,Post_Impressionism/david-burliuk_futurist-still-life-with-cactus-1928.jpg,data/processed/wikiart_subset/images/ACD_000003.jpg,,David Burliuk,Post Impressionism,Post Impressionism,,futurist still life with cactus 1928,,,,,,,train
ACD_000004,wikiart,Early_Renaissance/carlo-crivelli_enthroned-madonna-1473.jpg,data/processed/wikiart_subset/images/ACD_000004.jpg,,Carlo Crivelli,Early Renaissance,Early Renaissance,,enthroned madonna 1473,,,,,,,train
ACD_000005,wikiart,Color_Field_Painting/richard-diebenkorn_ocean-park-no-21.jpg,data/processed/wikiart_subset/images/ACD_000005.jpg,,Richard Diebenkorn,Color Field Painting,Color Field Painting,,ocean park no 21,,,,,,,train
ACD_000006,wikiart,Realism/arkhip-kuindzhi_forgotten-village-1873.jpg,data/processed/wikiart_subset/images/ACD_000006.jpg,,Arkhip Kuindzhi,Realism,Realism,,forgotten village 1873,,,,,,,train
ACD_000007,wikiart,Post_Impressionism/maxime-maufra_morning-in-the-oasis-of-alkantra-1913.jpg,data/processed/wikiart_subset/images/ACD_000007.jpg,,Maxime Maufra,Post Impressionism,Post Impressionism,,morning in the oasis of alkantra 1913,,,,,,,train
ACD_000008,wikiart,Contemporary_Realism/eric-fischl_the-start-of-a-fairy-tale.jpg,data/processed/wikiart_subset/images/ACD_000008.jpg,,Eric Fischl,Contemporary Realism,Contemporary Realism,,the start of a fairy tale,,,,,,,train
ACD_000009,wikiart,Art_Nouveau_Modern/mikhail-vrubel_a-lady-in-lilac-portrait-of-nadezhda-zabela.jpg,data/processed/wikiart_subset/images/ACD_000009.jpg,,Mikhail Vrubel,Art Nouveau Modern,Art Nouveau Modern,,a lady in lilac portrait of nadezhda zabela,,,,,,,train
ACD_000010,wikiart,Synthetic_Cubism/juan-gris_the-sideboard-1917.jpg,data/processed/wikiart_subset/images/ACD_000010.jpg,,Juan Gris,Synthetic Cubism,Synthetic Cubism,,the sideboard 1917,,,,,,,train
ACD_000011,wikiart,Abstract_Expressionism/mostafa-dashti_untitled-2008.jpg,data/processed/wikiart_subset/images/ACD_000011.jpg,,Mostafa Dashti,Abstract Expressionism,Abstract Expressionism,,untitled 2008,,,,,,,train
ACD_000012,wikiart,Fauvism/hans-hofmann_yellow-table-on-green-1936.jpg,data/processed/wikiart_subset/images/ACD_000012.jpg,,Hans Hofmann,Fauvism,Fauvism,,yellow table on green 1936,,,,,,,train
ACD_000013,wikiart,Rococo/allan-ramsay_portrait-of-janet-dick.jpg,data/processed/wikiart_subset/images/ACD_000013.jpg,,Allan Ramsay,Rococo,Rococo,,portrait of janet dick,,,,,,,train
ACD_000014,wikiart,Baroque/adriaen-van-ostade_piping-and-drinking-in-the-tavern.jpg,data/processed/wikiart_subset/images/ACD_000014.jpg,,Adriaen Van Ostade,Baroque,Baroque,,piping and drinking in the tavern,,,,,,,train
ACD_000015,wikiart,Post_Impressionism/paul-gauguin_fire-dance-1891.jpg,data/processed/wikiart_subset/images/ACD_000015.jpg,,Paul Gauguin,Post Impressionism,Post Impressionism,,fire dance 1891,,,,,,,train
ACD_000016,wikiart,Realism/john-collier_spring-at-cadenabbia.jpg,data/processed/wikiart_subset/images/ACD_000016.jpg,,John Collier,Realism,Realism,,spring at cadenabbia,,,,,,,train
ACD_000017,wikiart,Color_Field_Painting/morris-louis_blue-veil-1958.jpg,data/processed/wikiart_subset/images/ACD_000017.jpg,,Morris Louis,Color Field Painting,Color Field Painting,,blue veil 1958,,,,,,,train
ACD_000018,wikiart,Action_painting/norman-bluhm_aritic-1959.jpg,data/processed/wikiart_subset/images/ACD_000018.jpg,,Norman Bluhm,Action Painting,Action painting,,aritic 1959,,,,,,,train
ACD_000019,wikiart,Northern_Renaissance/lucas-cranach-the-elder_old-man-and-young-woman.jpg,data/processed/wikiart_subset/images/ACD_000019.jpg,,Lucas Cranach The Elder,Northern Renaissance,Northern Renaissance,,old man and young woman,,,,,,,train
ACD_000020,wikiart,Rococo/giovanni-battista-tiepolo_nativity-1732.jpg,data/processed/wikiart_subset/images/ACD_000020.jpg,,Giovanni Battista Tiepolo,Rococo,Rococo,,nativity 1732,,,,,,,train
ACD_000021,wikiart,New_Realism/george-luks_city-scene.jpg,data/processed/wikiart_subset/images/ACD_000021.jpg,,George Luks,New Realism,New Realism,,city scene,,,,,,,train
ACD_000022,wikiart,Post_Impressionism/marcel-duchamp_paradise-adam-and-eve.jpg,data/processed/wikiart_subset/images/ACD_000022.jpg,,Marcel Duchamp,Post Impressionism,Post Impressionism,,paradise adam and eve,,,,,,,train
ACD_000023,wikiart,Naive_Art_Primitivism/niko-pirosmani_religious-holiday-in-kartli-central-georgia.jpg,data/processed/wikiart_subset/images/ACD_000023.jpg,,Niko Pirosmani,Naive Art Primitivism,Naive Art Primitivism,,religious holiday in kartli central georgia,,,,,,,train
ACD_000024,wikiart,Pop_Art/george-segal_caf-still-life-with-bow-tie-braque-1986.jpg,data/processed/wikiart_subset/images/ACD_000024.jpg,,George Segal,Pop Art,Pop Art; Cubism,,caf still life with bow tie braque 1986,,,,,,,train
ACD_000025,wikiart,Baroque/jacob-jordaens_suzanna-and-the-elders.jpg,data/processed/wikiart_subset/images/ACD_000025.jpg,,Jacob Jordaens,Baroque,Baroque,,suzanna and the elders,,,,,,,train
ACD_000026,wikiart,Synthetic_Cubism/georges-braque_violin-and-glass.jpg,data/processed/wikiart_subset/images/ACD_000026.jpg,,Georges Braque,Synthetic Cubism,Synthetic Cubism,,violin and glass,,,,,,,train
ACD_000027,wikiart,Symbolism/nicholas-roerich_krishna-lel-1.jpg,data/processed/wikiart_subset/images/ACD_000027.jpg,,Nicholas Roerich,Symbolism,Symbolism,,krishna lel 1,,,,,,,train
ACD_000028,wikiart,High_Renaissance/leonardo-da-vinci_a-seated-man-and-studies-and-notes-on-the-movement-of-water.jpg,data/processed/wikiart_subset/images/ACD_000028.jpg,,Leonardo Da Vinci,High Renaissance,High Renaissance,,a seated man and studies and notes on the movement of water,,,,,,,train
ACD_000029,wikiart,Color_Field_Painting/gene-davis_flower-machine-1964.jpg,data/processed/wikiart_subset/images/ACD_000029.jpg,,Gene Davis,Color Field Painting,Color Field Painting,,flower machine 1964,,,,,,,train
ACD_000030,wikiart,Pointillism/georges-vantongerloo_a-seated-lady.jpg,data/processed/wikiart_subset/images/ACD_000030.jpg,,Georges Vantongerloo,Pointillism,Pointillism,,a seated lady,,,,,,,train
ACD_000031,wikiart,Ukiyo_e/hiroshige_snow-dawn-at-susaki-1843.jpg,data/processed/wikiart_subset/images/ACD_000031.jpg,,Hiroshige,Ukiyo E,Ukiyo e,,snow dawn at susaki 1843,,,,,,,train
ACD_000032,wikiart,Pointillism/theo-van-rysselberghe_port-de-cette.jpg,data/processed/wikiart_subset/images/ACD_000032.jpg,,Theo Van Rysselberghe,Pointillism,Pointillism,,port de cette,,,,,,,train
ACD_000033,wikiart,Symbolism/gustave-moreau_the-sphinx-1864.jpg,data/processed/wikiart_subset/images/ACD_000033.jpg,,Gustave Moreau,Symbolism,Symbolism,,the sphinx 1864,,,,,,,train
ACD_000034,wikiart,Expressionism/lucian-freud_annabel-and-rattler.jpg,data/processed/wikiart_subset/images/ACD_000034.jpg,,Lucian Freud,Expressionism,Expressionism,,annabel and rattler,,,,,,,train
ACD_000035,wikiart,Abstract_Expressionism/sam-francis_untitled-1964-3.jpg,data/processed/wikiart_subset/images/ACD_000035.jpg,,Sam Francis,Abstract Expressionism,Abstract Expressionism,,untitled 1964 3,,,,,,,train
ACD_000036,wikiart,Pointillism/camille-pissarro_haymakers-resting-1891.jpg,data/processed/wikiart_subset/images/ACD_000036.jpg,,Camille Pissarro,Pointillism,Pointillism,,haymakers resting 1891,,,,,,,train
ACD_000037,wikiart,Rococo/antoine-watteau_peaceful-love.jpg,data/processed/wikiart_subset/images/ACD_000037.jpg,,Antoine Watteau,Rococo,Rococo,,peaceful love,,,,,,,train
ACD_000038,wikiart,Art_Nouveau_Modern/ferdinand-hodler_at-the-foot-of-the-petit-saleve-1893.jpg,data/processed/wikiart_subset/images/ACD_000038.jpg,,Ferdinand Hodler,Art Nouveau Modern,Art Nouveau Modern,,at the foot of the petit saleve 1893,,,,,,,train
ACD_000039,wikiart,High_Renaissance/giovanni-bellini_leonardo-loredan.jpg,data/processed/wikiart_subset/images/ACD_000039.jpg,,Giovanni Bellini,High Renaissance,High Renaissance,,leonardo loredan,,,,,,,train
ACD_000040,wikiart,Art_Nouveau_Modern/zinaida-serebriakova_katya-1923.jpg,data/processed/wikiart_subset/images/ACD_000040.jpg,,Zinaida Serebriakova,Art Nouveau Modern,Art Nouveau Modern,,katya 1923,,,,,,,train
ACD_000041,wikiart,Realism/john-singer-sargent_an-interior-in-venice-1899.jpg,data/processed/wikiart_subset/images/ACD_000041.jpg,,John Singer Sargent,Realism,Realism,,an interior in venice 1899,,,,,,,train
ACD_000042,wikiart,Color_Field_Painting/gene-davis_night-rider-1983.jpg,data/processed/wikiart_subset/images/ACD_000042.jpg,,Gene Davis,Color Field Painting,Color Field Painting,,night rider 1983,,,,,,,train
ACD_000043,wikiart,Ukiyo_e/utagawa-kuniyoshi_caulking-boats.jpg,data/processed/wikiart_subset/images/ACD_000043.jpg,,Utagawa Kuniyoshi,Ukiyo E,Ukiyo e,,caulking boats,,,,,,,train
ACD_000044,wikiart,Fauvism/august-macke_turkish-cafe-ii.jpg,data/processed/wikiart_subset/images/ACD_000044.jpg,,August Macke,Fauvism,Fauvism,,turkish cafe ii,,,,,,,train
ACD_000045,wikiart,Action_painting/franz-kline_cardinal-1950.jpg,data/processed/wikiart_subset/images/ACD_000045.jpg,,Franz Kline,Action Painting,Action painting,,cardinal 1950,,,,,,,train
ACD_000046,wikiart,Baroque/alonzo-cano_eve-1666.jpg,data/processed/wikiart_subset/images/ACD_000046.jpg,,Alonzo Cano,Baroque,Baroque,,eve 1666,,,,,,,train
ACD_000047,wikiart,Abstract_Expressionism/brice-marden_st-barts-1-1991.jpg,data/processed/wikiart_subset/images/ACD_000047.jpg,,Brice Marden,Abstract Expressionism,Abstract Expressionism,,st barts 1 1991,,,,,,,train
ACD_000048,wikiart,Abstract_Expressionism/pat-lipsky_homage-to-david-smith-1980.jpg,data/processed/wikiart_subset/images/ACD_000048.jpg,,Pat Lipsky,Abstract Expressionism,Abstract Expressionism,,homage to david smith 1980,,,,,,,train
ACD_000049,wikiart,Romanticism/gustave-dore_all-dwellings-else-flood-overwhelmed-and-them-with-all-their-pomp-deep-under-water-rolled.jpg,data/processed/wikiart_subset/images/ACD_000049.jpg,,Gustave Dore,Romanticism,Romanticism,,all dwellings else flood overwhelmed and them with all their pomp deep under water rolled,,,,,,,train
ACD_000050,wikiart,Action_painting/franz-kline_accent-grave-1955.jpg,data/processed/wikiart_subset/images/ACD_000050.jpg,,Franz Kline,Action Painting,Action painting,,accent grave 1955,,,,,,,train
ACD_000051,wikiart,Baroque/frans-hals_vincent-laurensz-van-der-vinne.jpg,data/processed/wikiart_subset/images/ACD_000051.jpg,,Frans Hals,Baroque,Baroque,,vincent laurensz van der vinne,,,,,,,train
ACD_000052,wikiart,Fauvism/andre-derain_figures-from-a-carnival.jpg,data/processed/wikiart_subset/images/ACD_000052.jpg,,Andre Derain,Fauvism,Fauvism,,figures from a carnival,,,,,,,train
ACD_000053,wikiart,Cubism/pyotr-konchalovsky_a-tree-1916.jpg,data/processed/wikiart_subset/images/ACD_000053.jpg,,Pyotr Konchalovsky,Cubism,Cubism,,a tree 1916,,,,,,,train
ACD_000054,wikiart,Rococo/joshua-reynolds_georgiana-duchess-of-devonshire-with-her-infant-daughter-lady-georgiana-cavendish.jpg,data/processed/wikiart_subset/images/ACD_000054.jpg,,Joshua Reynolds,Rococo,Rococo,,georgiana duchess of devonshire with her infant daughter lady georgiana cavendish,,,,,,,train
ACD_000055,wikiart,Fauvism/mario-zanini_marinha-com-barcos.jpg,data/processed/wikiart_subset/images/ACD_000055.jpg,,Mario Zanini,Fauvism,Fauvism,,marinha com barcos,,,,,,,train
ACD_000056,wikiart,Art_Nouveau_Modern/raphael-kirchner_vivienne-segal.jpg,data/processed/wikiart_subset/images/ACD_000056.jpg,,Raphael Kirchner,Art Nouveau Modern,Art Nouveau Modern,,vivienne segal,,,,,,,train
ACD_000057,wikiart,Early_Renaissance/carlo-crivelli_annunciation-with-saint-emidius-1486.jpg,data/processed/wikiart_subset/images/ACD_000057.jpg,,Carlo Crivelli,Early Renaissance,Early Renaissance,,annunciation with saint emidius 1486,,,,,,,train
ACD_000058,wikiart,Action_painting/jackson-pollock_eyes-in-the-heat-1946(2).jpg,data/processed/wikiart_subset/images/ACD_000058.jpg,,Jackson Pollock,Action Painting,Action painting,,eyes in the heat 1946(2),,,,,,,train
ACD_000059,wikiart,High_Renaissance/dosso-dossi_lamentation-over-the-body-of-christ-1517.jpg,data/processed/wikiart_subset/images/ACD_000059.jpg,,Dosso Dossi,High Renaissance,High Renaissance,,lamentation over the body of christ 1517,,,,,,,train
ACD_000060,wikiart,Baroque/jacob-jordaens_satyr-and-peasant-1621.jpg,data/processed/wikiart_subset/images/ACD_000060.jpg,,Jacob Jordaens,Baroque,Baroque,,satyr and peasant 1621,,,,,,,train
ACD_000061,wikiart,Realism/thomas-eakins_head-of-a-warrior.jpg,data/processed/wikiart_subset/images/ACD_000061.jpg,,Thomas Eakins,Realism,Realism,,head of a warrior,,,,,,,train
ACD_000062,wikiart,Minimalism/yves-gaucher_untitled-yellow-1966.jpg,data/processed/wikiart_subset/images/ACD_000062.jpg,,Yves Gaucher,Minimalism,Minimalism,,untitled yellow 1966,,,,,,,train
ACD_000063,wikiart,Northern_Renaissance/hieronymus-bosch_the-ship-of-fools-in-flames.jpg,data/processed/wikiart_subset/images/ACD_000063.jpg,,Hieronymus Bosch,Northern Renaissance,Northern Renaissance,,the ship of fools in flames,,,,,,,train
ACD_000064,wikiart,Ukiyo_e/utagawa-kuniyoshi_women-10.jpg,data/processed/wikiart_subset/images/ACD_000064.jpg,,Utagawa Kuniyoshi,Ukiyo E,Ukiyo e,,women 10,,,,,,,train
ACD_000065,wikiart,Baroque/bartolome-esteban-murillo_angel-holding-a-hammer-and-nails-1660.jpg,data/processed/wikiart_subset/images/ACD_000065.jpg,,Bartolome Esteban Murillo,Baroque,Baroque,,angel holding a hammer and nails 1660,,,,,,,train
ACD_000066,wikiart,Analytical_Cubism/pablo-picasso_woman-and-pears-fernande-1909.jpg,data/processed/wikiart_subset/images/ACD_000066.jpg,,Pablo Picasso,Analytical Cubism,Analytical Cubism,,woman and pears fernande 1909,,,,,,,train
ACD_000067,wikiart,Synthetic_Cubism/pablo-picasso_still-life-with-violin-and-fruits-1912.jpg,data/processed/wikiart_subset/images/ACD_000067.jpg,,Pablo Picasso,Synthetic Cubism,Synthetic Cubism,,still life with violin and fruits 1912,,,,,,,train
ACD_000068,wikiart,Analytical_Cubism/pablo-picasso_the-aficionado-the-torero-1912.jpg,data/processed/wikiart_subset/images/ACD_000068.jpg,,Pablo Picasso,Analytical Cubism,Analytical Cubism,,the aficionado the torero 1912,,,,,,,train
ACD_000069,wikiart,Mannerism_Late_Renaissance/agnolo-bronzino_portrait-of-laudomia-de-medici.jpg,data/processed/wikiart_subset/images/ACD_000069.jpg,,Agnolo Bronzino,Mannerism Late Renaissance,Mannerism Late Renaissance,,portrait of laudomia de medici,,,,,,,train
ACD_000070,wikiart,Realism/anders-zorn_ernest-cassel-1886.jpg,data/processed/wikiart_subset/images/ACD_000070.jpg,,Anders Zorn,Realism,Realism,,ernest cassel 1886,,,,,,,train
ACD_000071,wikiart,Pop_Art/andy-warhol_ingrid-bergman-as-herself.jpg,data/processed/wikiart_subset/images/ACD_000071.jpg,,Andy Warhol,Pop Art,Pop Art,,ingrid bergman as herself,,,,,,,train
ACD_000072,wikiart,Pointillism/camille-pissarro_young-peasant-at-her-toilette-1888.jpg,data/processed/wikiart_subset/images/ACD_000072.jpg,,Camille Pissarro,Pointillism,Pointillism,,young peasant at her toilette 1888,,,,,,,train
ACD_000073,wikiart,Naive_Art_Primitivism/maria-primachenko_long-necked-and-itching-1977.jpg,data/processed/wikiart_subset/images/ACD_000073.jpg,,Maria Primachenko,Naive Art Primitivism,Naive Art Primitivism,,long necked and itching 1977,,,,,,,train
ACD_000074,wikiart,New_Realism/john-french-sloan_young-woman-in-black-and-white-mary-kerr-1902.jpg,data/processed/wikiart_subset/images/ACD_000074.jpg,,John French Sloan,New Realism,New Realism,,young woman in black and white mary kerr 1902,,,,,,,train
ACD_000075,wikiart,Northern_Renaissance/hans-memling_st-john-and-veronica-diptych-reverse-of-the-left-wing.jpg,data/processed/wikiart_subset/images/ACD_000075.jpg,,Hans Memling,Northern Renaissance,Northern Renaissance,,st john and veronica diptych reverse of the left wing,,,,,,,train
ACD_000076,wikiart,New_Realism/edward-hopper_apartment-houses.jpg,data/processed/wikiart_subset/images/ACD_000076.jpg,,Edward Hopper,New Realism,New Realism,,apartment houses,,,,,,,train
ACD_000077,wikiart,Minimalism/dadamaino_il-mondo-di-platone-1981.jpg,data/processed/wikiart_subset/images/ACD_000077.jpg,,Dadamaino,Minimalism,Minimalism,,il mondo di platone 1981,,,,,,,train
ACD_000078,wikiart,Art_Nouveau_Modern/jozsef-rippl-ronai_busy-city-scene-1914.jpg,data/processed/wikiart_subset/images/ACD_000078.jpg,,Jozsef Rippl Ronai,Art Nouveau Modern,Art Nouveau Modern,,busy city scene 1914,,,,,,,train
ACD_000079,wikiart,Synthetic_Cubism/juan-gris_the-coffee-grinder-1916.jpg,data/processed/wikiart_subset/images/ACD_000079.jpg,,Juan Gris,Synthetic Cubism,Synthetic Cubism,,the coffee grinder 1916,,,,,,,train
ACD_000080,wikiart,Synthetic_Cubism/georges-braque_glass-pipe-and-newspaper-1917.jpg,data/processed/wikiart_subset/images/ACD_000080.jpg,,Georges Braque,Synthetic Cubism,Synthetic Cubism,,glass pipe and newspaper 1917,,,,,,,train
ACD_000081,wikiart,Early_Renaissance/giovanni-bellini_madonna-with-child-standing-on-a-parapet.jpg,data/processed/wikiart_subset/images/ACD_000081.jpg,,Giovanni Bellini,Early Renaissance,Early Renaissance,,madonna with child standing on a parapet,,,,,,,train
ACD_000082,wikiart,Baroque/rembrandt_man-in-a-golden-helmet-1669.jpg,data/processed/wikiart_subset/images/ACD_000082.jpg,,Rembrandt,Baroque,Baroque,,man in a golden helmet 1669,,,,,,,train
ACD_000083,wikiart,Ukiyo_e/katsushika-hokusai_sparrow-and-magnolia.jpg,data/processed/wikiart_subset/images/ACD_000083.jpg,,Katsushika Hokusai,Ukiyo E,Ukiyo e,,sparrow and magnolia,,,,,,,train
ACD_000084,wikiart,Expressionism/ernst-ludwig-kirchner_mary-wigman-s-dance-of-the-dead-1928.jpg,data/processed/wikiart_subset/images/ACD_000084.jpg,,Ernst Ludwig Kirchner,Expressionism,Expressionism,,mary wigman s dance of the dead 1928,,,,,,,train
ACD_000085,wikiart,Northern_Renaissance/lucas-cranach-the-elder_johannes-bugenhagen-1532.jpg,data/processed/wikiart_subset/images/ACD_000085.jpg,,Lucas Cranach The Elder,Northern Renaissance,Northern Renaissance,,johannes bugenhagen 1532,,,,,,,train
ACD_000086,wikiart,Color_Field_Painting/ion-nicodim_unknown-title-30.jpg,data/processed/wikiart_subset/images/ACD_000086.jpg,,Ion Nicodim,Color Field Painting,Color Field Painting,,unknown title 30,,,,,,,train
ACD_000087,wikiart,Fauvism/janos-mattis-teutsch_landscape-1917(1).jpg,data/processed/wikiart_subset/images/ACD_000087.jpg,,Janos Mattis Teutsch,Fauvism,Fauvism,,landscape 1917(1),,,,,,,train
ACD_000088,wikiart,Romanticism/francisco-goya_truth-has-died-1814.jpg,data/processed/wikiart_subset/images/ACD_000088.jpg,,Francisco Goya,Romanticism,Romanticism,,truth has died 1814,,,,,,,train
ACD_000089,wikiart,Northern_Renaissance/pieter-bruegel-the-elder_landscape-with-the-flight-into-egypt-1563.jpg,data/processed/wikiart_subset/images/ACD_000089.jpg,,Pieter Bruegel The Elder,Northern Renaissance,Northern Renaissance,,landscape with the flight into egypt 1563,,,,,,,train
ACD_000090,wikiart,Naive_Art_Primitivism/marc-chagall_bride-with-a-fan-1911.jpg,data/processed/wikiart_subset/images/ACD_000090.jpg,,Marc Chagall,Naive Art Primitivism,Naive Art Primitivism,,bride with a fan 1911,,,,,,,train
ACD_000091,wikiart,Realism/nikolai-ge_portrait-of-the-artist-s-wife-anna-ge.jpg,data/processed/wikiart_subset/images/ACD_000091.jpg,,Nikolai Ge,Realism,Realism,,portrait of the artist s wife anna ge,,,,,,,train
ACD_000092,wikiart,Ukiyo_e/utagawa-sadatora_fashionable-seven-autumn-plants-1.jpg,data/processed/wikiart_subset/images/ACD_000092.jpg,,Utagawa Sadatora,Ukiyo E,Ukiyo e,,fashionable seven autumn plants 1,,,,,,,train
ACD_000093,wikiart,Post_Impressionism/pyotr-konchalovsky_paris-innkeeper-1908.jpg,data/processed/wikiart_subset/images/ACD_000093.jpg,,Pyotr Konchalovsky,Post Impressionism,Post Impressionism,,paris innkeeper 1908,,,,,,,train
ACD_000094,wikiart,Pointillism/samuel-mutzner_peisaj-din-giverny-1908.jpg,data/processed/wikiart_subset/images/ACD_000094.jpg,,Samuel Mutzner,Pointillism,Pointillism,,peisaj din giverny 1908,,,,,,,train
ACD_000095,wikiart,Romanticism/orest-kiprensky_view-of-mount-vesuvius-in-winter-1830.jpg,data/processed/wikiart_subset/images/ACD_000095.jpg,,Orest Kiprensky,Romanticism,Romanticism,,view of mount vesuvius in winter 1830,,,,,,,train
ACD_000096,wikiart,Pop_Art/lourdes-castro_auto-retrato-1965.jpg,data/processed/wikiart_subset/images/ACD_000096.jpg,,Lourdes Castro,Pop Art,Pop Art,,auto retrato 1965,,,,,,,train
ACD_000097,wikiart,Baroque/francesco-solimena_st-bonaventura-receiving-the-banner-of-st-sepulchre-from-the-madonna.jpg,data/processed/wikiart_subset/images/ACD_000097.jpg,,Francesco Solimena,Baroque,Baroque,,st bonaventura receiving the banner of st sepulchre from the madonna,,,,,,,train
ACD_000098,wikiart,Baroque/rembrandt_nude-man-seated-on-the-ground-with-one-leg-extended-1646.jpg,data/processed/wikiart_subset/images/ACD_000098.jpg,,Rembrandt,Baroque,Baroque,,nude man seated on the ground with one leg extended 1646,,,,,,,train
ACD_000099,wikiart,Symbolism/william-blake_illustration-to-milton-s-on-the-morning-of-christ-s-nativity-1809.jpg,data/processed/wikiart_subset/images/ACD_000099.jpg,,William Blake,Symbolism,Symbolism,,illustration to milton s on the morning of christ s nativity 1809,,,,,,,train
ACD_000100,wikiart,Abstract_Expressionism/bradley-walker-tomlin_number-20-1949-1.jpg,data/processed/wikiart_subset/images/ACD_000100.jpg,,Bradley Walker Tomlin,Abstract Expressionism,Abstract Expressionism,,number 20 1949 1,,,,,,,train
ACD_000101,wikiart,Mannerism_Late_Renaissance/sofonisba-anguissola_portrait-of-bianca-ponzoni-anguissola-the-artist-s-mother-1557.jpg,data/processed/wikiart_subset/images/ACD_000101.jpg,,Sofonisba Anguissola,Mannerism Late Renaissance,Mannerism Late Renaissance,,portrait of bianca ponzoni anguissola the artist s mother 1557,,,,,,,train
ACD_000102,wikiart,Symbolism/nicholas-roerich_monhigan-study-1922-26.jpg,data/processed/wikiart_subset/images/ACD_000102.jpg,,Nicholas Roerich,Symbolism,Symbolism,,monhigan study 1922 26,,,,,,,train
ACD_000103,wikiart,Action_painting/franz-kline_torches-mauve-1960.jpg,data/processed/wikiart_subset/images/ACD_000103.jpg,,Franz Kline,Action Painting,Action painting,,torches mauve 1960,,,,,,,train
ACD_000104,wikiart,Northern_Renaissance/rogier-van-der-weyden_christ-on-the-cross.jpg,data/processed/wikiart_subset/images/ACD_000104.jpg,,Rogier Van Der Weyden,Northern Renaissance,Northern Renaissance,,christ on the cross,,,,,,,train
ACD_000105,wikiart,Pointillism/theo-van-rysselberghe_a-reading-in-the-garden-1902.jpg,data/processed/wikiart_subset/images/ACD_000105.jpg,,Theo Van Rysselberghe,Pointillism,Pointillism,,a reading in the garden 1902,,,,,,,train
ACD_000106,wikiart,Art_Nouveau_Modern/leon-bakst_portrait-of-jean-cocteau.jpg,data/processed/wikiart_subset/images/ACD_000106.jpg,,Leon Bakst,Art Nouveau Modern,Art Nouveau Modern,,portrait of jean cocteau,,,,,,,train
ACD_000107,wikiart,New_Realism/michael-bell_room-service-2008.jpg,data/processed/wikiart_subset/images/ACD_000107.jpg,,Michael Bell,New Realism,New Realism,,room service 2008,,,,,,,train
ACD_000108,wikiart,Impressionism/william-merritt-chase_dorothy-and-her-sister.jpg,data/processed/wikiart_subset/images/ACD_000108.jpg,,William Merritt Chase,Impressionism,Impressionism,,dorothy and her sister,,,,,,,train
ACD_000109,wikiart,Pointillism/georges-seurat_portrait-of-paul-signac-1890.jpg,data/processed/wikiart_subset/images/ACD_000109.jpg,,Georges Seurat,Pointillism,Pointillism,,portrait of paul signac 1890,,,,,,,train
ACD_000110,wikiart,Cubism/jean-metzinger_femme-assise-en-robe-bleue-1950.jpg,data/processed/wikiart_subset/images/ACD_000110.jpg,,Jean Metzinger,Cubism,Cubism,,femme assise en robe bleue 1950,,,,,,,train
ACD_000111,wikiart,Cubism/pablo-picasso_guitar-bottle-and-fruit-bowl-1921.jpg,data/processed/wikiart_subset/images/ACD_000111.jpg,,Pablo Picasso,Cubism,Cubism,,guitar bottle and fruit bowl 1921,,,,,,,train
ACD_000112,wikiart,Romanticism/osman-hamdi_two-young-girls-visiting-a-shrine-1890.jpg,data/processed/wikiart_subset/images/ACD_000112.jpg,,Osman Hamdi,Romanticism,Romanticism,,two young girls visiting a shrine 1890,,,,,,,train
ACD_000113,wikiart,Pointillism/pablo-picasso_the-happy-family.jpg,data/processed/wikiart_subset/images/ACD_000113.jpg,,Pablo Picasso,Pointillism,Pointillism,,the happy family,,,,,,,train
ACD_000114,wikiart,Action_painting/norman-bluhm_mathematics-1962.jpg,data/processed/wikiart_subset/images/ACD_000114.jpg,,Norman Bluhm,Action Painting,Action painting,,mathematics 1962,,,,,,,train
ACD_000115,wikiart,Synthetic_Cubism/juan-gris_guitar-on-a-table-1915.jpg,data/processed/wikiart_subset/images/ACD_000115.jpg,,Juan Gris,Synthetic Cubism,Synthetic Cubism,,guitar on a table 1915,,,,,,,train
ACD_000116,wikiart,Naive_Art_Primitivism/joan-miro_house-with-palm-tree.jpg,data/processed/wikiart_subset/images/ACD_000116.jpg,,Joan Miro,Naive Art Primitivism,Naive Art Primitivism,,house with palm tree,,,,,,,train
ACD_000117,wikiart,Mannerism_Late_Renaissance/lavinia-fontana_portrait-of-a-lady-of-the-court-1590.jpg,data/processed/wikiart_subset/images/ACD_000117.jpg,,Lavinia Fontana,Mannerism Late Renaissance,Mannerism Late Renaissance,,portrait of a lady of the court 1590,,,,,,,train
ACD_000118,wikiart,Mannerism_Late_Renaissance/agnolo-bronzino_portrait-of-signor-panciatichi-bartolomeo-1540.jpg,data/processed/wikiart_subset/images/ACD_000118.jpg,,Agnolo Bronzino,Mannerism Late Renaissance,Mannerism Late Renaissance,,portrait of signor panciatichi bartolomeo 1540,,,,,,,train
ACD_000119,wikiart,Contemporary_Realism/konstantin-vasilyev_the-starry-sky.jpg,data/processed/wikiart_subset/images/ACD_000119.jpg,,Konstantin Vasilyev,Contemporary Realism,Contemporary Realism,,the starry sky,,,,,,,train
ACD_000120,wikiart,Analytical_Cubism/georges-braque_violin-and-palette-1909.jpg,data/processed/wikiart_subset/images/ACD_000120.jpg,,Georges Braque,Analytical Cubism,Analytical Cubism,,violin and palette 1909,,,,,,,train
ACD_000121,wikiart,Impressionism/georgios-jakobides_child-with-cart.jpg,data/processed/wikiart_subset/images/ACD_000121.jpg,,Georgios Jakobides,Impressionism,Impressionism,,child with cart,,,,,,,train
ACD_000122,wikiart,Expressionism/mstislav-dobuzhinsky_vitebsk-circus-1923.jpg,data/processed/wikiart_subset/images/ACD_000122.jpg,,Mstislav Dobuzhinsky,Expressionism,Expressionism,,vitebsk circus 1923,,,,,,,train
ACD_000123,wikiart,Northern_Renaissance/albrecht-durer_lion.jpg,data/processed/wikiart_subset/images/ACD_000123.jpg,,Albrecht Durer,Northern Renaissance,Northern Renaissance,,lion,,,,,,,train
ACD_000124,wikiart,Early_Renaissance/sandro-botticelli_portrait-of-dante(1).jpg,data/processed/wikiart_subset/images/ACD_000124.jpg,,Sandro Botticelli,Early Renaissance,Early Renaissance,,portrait of dante(1),,,,,,,train
ACD_000125,wikiart,Impressionism/camille-pissarro_view-across-stamford-brook-common-1897.jpg,data/processed/wikiart_subset/images/ACD_000125.jpg,,Camille Pissarro,Impressionism,Impressionism,,view across stamford brook common 1897,,,,,,,train
ACD_000126,wikiart,Impressionism/santiago-rusinol_portrait-of-eric-satie-at-the-harmonium.jpg,data/processed/wikiart_subset/images/ACD_000126.jpg,,Santiago Rusinol,Impressionism,Impressionism,,portrait of eric satie at the harmonium,,,,,,,train
ACD_000127,wikiart,Romanticism/john-atkinson-grimshaw_still-life-of-birds-nest-with-primulas-and-blossom-1869.jpg,data/processed/wikiart_subset/images/ACD_000127.jpg,,John Atkinson Grimshaw,Romanticism,Romanticism,,still life of birds nest with primulas and blossom 1869,,,,,,,train
ACD_000128,wikiart,High_Renaissance/leonardo-da-vinci_head-of-st-james-the-less.jpg,data/processed/wikiart_subset/images/ACD_000128.jpg,,Leonardo Da Vinci,High Renaissance,High Renaissance,,head of st james the less,,,,,,,train
ACD_000129,wikiart,Cubism/pablo-picasso_three-women-rhythmical-version-1908.jpg,data/processed/wikiart_subset/images/ACD_000129.jpg,,Pablo Picasso,Cubism,Cubism,,three women rhythmical version 1908,,,,,,,train
ACD_000130,wikiart,Pointillism/georges-seurat_the-river-seine-at-la-grande-jatte-1888.jpg,data/processed/wikiart_subset/images/ACD_000130.jpg,,Georges Seurat,Pointillism,Pointillism,,the river seine at la grande jatte 1888,,,,,,,train
ACD_000131,wikiart,Action_painting/jackson-pollock_shimmering-substance(1).jpg,data/processed/wikiart_subset/images/ACD_000131.jpg,,Jackson Pollock,Action Painting,Action painting,,shimmering substance(1),,,,,,,train
ACD_000132,wikiart,Contemporary_Realism/jamie-wyeth_summer-house-winter-house-1975.jpg,data/processed/wikiart_subset/images/ACD_000132.jpg,,Jamie Wyeth,Contemporary Realism,Contemporary Realism,,summer house winter house 1975,,,,,,,train
ACD_000133,wikiart,Ukiyo_e/utagawa-kuniyoshi_tenjiku-tokubei-riding-a-giant-toadn.jpg,data/processed/wikiart_subset/images/ACD_000133.jpg,,Utagawa Kuniyoshi,Ukiyo E,Ukiyo e,,tenjiku tokubei riding a giant toadn,,,,,,,train
ACD_000134,wikiart,Naive_Art_Primitivism/horace-pippin_the-artist-s-wife-1936.jpg,data/processed/wikiart_subset/images/ACD_000134.jpg,,Horace Pippin,Naive Art Primitivism,Naive Art Primitivism,,the artist s wife 1936,,,,,,,train
ACD_000135,wikiart,Cubism/julio-gonzalez_homme-cactus-dansant-1939.jpg,data/processed/wikiart_subset/images/ACD_000135.jpg,,Julio Gonzalez,Cubism,Cubism,,homme cactus dansant 1939,,,,,,,train
ACD_000136,wikiart,Art_Nouveau_Modern/anna-ostroumova-lebedeva_academy-of-arts.jpg,data/processed/wikiart_subset/images/ACD_000136.jpg,,Anna Ostroumova Lebedeva,Art Nouveau Modern,Art Nouveau Modern,,academy of arts,,,,,,,train
ACD_000137,wikiart,Fauvism/joan-miro_portrait-of-a-young-girl.jpg,data/processed/wikiart_subset/images/ACD_000137.jpg,,Joan Miro,Fauvism,Fauvism,,portrait of a young girl,,,,,,,train
ACD_000138,wikiart,Action_painting/jackson-pollock_enchanted-forest-1947.jpg,data/processed/wikiart_subset/images/ACD_000138.jpg,,Jackson Pollock,Action Painting,Action painting,,enchanted forest 1947,,,,,,,train
ACD_000139,wikiart,Abstract_Expressionism/sam-francis_red-again-1972.jpg,data/processed/wikiart_subset/images/ACD_000139.jpg,,Sam Francis,Abstract Expressionism,Abstract Expressionism,,red again 1972,,,,,,,train
ACD_000140,wikiart,Minimalism/alberto-carneiro_tree-game-toy-in-seven-mirrored-images-1974.jpg,data/processed/wikiart_subset/images/ACD_000140.jpg,,Alberto Carneiro,Minimalism,Minimalism,,tree game toy in seven mirrored images 1974,,,,,,,train
ACD_000141,wikiart,Art_Nouveau_Modern/boris-kustodiev_after-the-storm-1921.jpg,data/processed/wikiart_subset/images/ACD_000141.jpg,,Boris Kustodiev,Art Nouveau Modern,Art Nouveau Modern,,after the storm 1921,,,,,,,train
ACD_000142,wikiart,High_Renaissance/vittore-carpaccio_the-departure-of-the-english-ambassadors-1498.jpg,data/processed/wikiart_subset/images/ACD_000142.jpg,,Vittore Carpaccio,High Renaissance,High Renaissance,,the departure of the english ambassadors 1498,,,,,,,train
ACD_000143,wikiart,Ukiyo_e/katsushika-hokusai_inside-the-courtyard-of-the-toeizan-temple-at-ueno.jpg,data/processed/wikiart_subset/images/ACD_000143.jpg,,Katsushika Hokusai,Ukiyo E,Ukiyo e,,inside the courtyard of the toeizan temple at ueno,,,,,,,train
ACD_000144,wikiart,Color_Field_Painting/charles-hinman_black-and-white-1964.jpg,data/processed/wikiart_subset/images/ACD_000144.jpg,,Charles Hinman,Color Field Painting,Color Field Painting,,black and white 1964,,,,,,,train
ACD_000145,wikiart,Minimalism/anne-truitt_quipe-1984.jpg,data/processed/wikiart_subset/images/ACD_000145.jpg,,Anne Truitt,Minimalism,Minimalism,,quipe 1984,,,,,,,train
ACD_000146,wikiart,Minimalism/andrei-cadere_cubic-bar-of-wood-1971.jpg,data/processed/wikiart_subset/images/ACD_000146.jpg,,Andrei Cadere,Minimalism,Minimalism,,cubic bar of wood 1971,,,,,,,train
ACD_000147,wikiart,Action_painting/franz-kline_untitled-1957.jpg,data/processed/wikiart_subset/images/ACD_000147.jpg,,Franz Kline,Action Painting,Action painting,,untitled 1957,,,,,,,train
ACD_000148,wikiart,Impressionism/alfred-sisley_spring-at-veneux-1880.jpg,data/processed/wikiart_subset/images/ACD_000148.jpg,,Alfred Sisley,Impressionism,Impressionism,,spring at veneux 1880,,,,,,,train
ACD_000149,wikiart,Minimalism/john-mccracken_untitled-1976.jpg,data/processed/wikiart_subset/images/ACD_000149.jpg,,John Mccracken,Minimalism,Minimalism,,untitled 1976,,,,,,,train
ACD_000150,wikiart,Romanticism/jan-matejko_catherine-potocka.jpg,data/processed/wikiart_subset/images/ACD_000150.jpg,,Jan Matejko,Romanticism,Romanticism,,catherine potocka,,,,,,,train
ACD_000151,wikiart,Abstract_Expressionism/jack-bush_november-19-oscar-s-death.jpg,data/processed/wikiart_subset/images/ACD_000151.jpg,,Jack Bush,Abstract Expressionism,Abstract Expressionism,,november 19 oscar s death,,,,,,,train
ACD_000152,wikiart,Contemporary_Realism/fairfield-porter_late-afternoon-snow-1972.jpg,data/processed/wikiart_subset/images/ACD_000152.jpg,,Fairfield Porter,Contemporary Realism,Contemporary Realism,,late afternoon snow 1972,,,,,,,train
ACD_000153,wikiart,Analytical_Cubism/georges-braque_le-sacre-coeur-1910.jpg,data/processed/wikiart_subset/images/ACD_000153.jpg,,Georges Braque,Analytical Cubism,Analytical Cubism,,le sacre coeur 1910,,,,,,,train
ACD_000154,wikiart,Abstract_Expressionism/william-baziotes_red-wall-1961.jpg,data/processed/wikiart_subset/images/ACD_000154.jpg,,William Baziotes,Abstract Expressionism,Abstract Expressionism,,red wall 1961,,,,,,,train
ACD_000155,wikiart,Synthetic_Cubism/juan-gris_fruit-bowl-with-bottle-1914.jpg,data/processed/wikiart_subset/images/ACD_000155.jpg,,Juan Gris,Synthetic Cubism,Synthetic Cubism,,fruit bowl with bottle 1914,,,,,,,train
ACD_000156,wikiart,Pop_Art/evelyne-axell_ice-cream-blue-version-1967.jpg,data/processed/wikiart_subset/images/ACD_000156.jpg,,Evelyne Axell,Pop Art,Pop Art,,ice cream blue version 1967,,,,,,,train
ACD_000157,wikiart,Abstract_Expressionism/jay-defeo_untitled-shoetree-series-1977.jpg,data/processed/wikiart_subset/images/ACD_000157.jpg,,Jay Defeo,Abstract Expressionism,Abstract Expressionism,,untitled shoetree series 1977,,,,,,,train
ACD_000158,wikiart,Impressionism/walter-sickert_the-wardrobe-1924.jpg,data/processed/wikiart_subset/images/ACD_000158.jpg,,Walter Sickert,Impressionism,Impressionism,,the wardrobe 1924,,,,,,,train
ACD_000159,wikiart,Rococo/antoine-pesne_henriette-karoline-von-pfalz-zweibr-cken-landgrave-of-hesse-darmstadt-with-the-moor.jpg,data/processed/wikiart_subset/images/ACD_000159.jpg,,Antoine Pesne,Rococo,Rococo,,henriette karoline von pfalz zweibr cken landgrave of hesse darmstadt with the moor,,,,,,,train
ACD_000160,wikiart,Art_Nouveau_Modern/raphael-kirchner_single-items-7.jpg,data/processed/wikiart_subset/images/ACD_000160.jpg,,Raphael Kirchner,Art Nouveau Modern,Art Nouveau Modern,,single items 7,,,,,,,train
ACD_000161,wikiart,Contemporary_Realism/eric-fischl_daddy-s-girl.jpg,data/processed/wikiart_subset/images/ACD_000161.jpg,,Eric Fischl,Contemporary Realism,Contemporary Realism,,daddy s girl,,,,,,,train
ACD_000162,wikiart,Northern_Renaissance/jean-fouquet_arrival-of-the-emperor-charles-iv-in-front-of-saint-denis-1460.jpg,data/processed/wikiart_subset/images/ACD_000162.jpg,,Jean Fouquet,Northern Renaissance,Northern Renaissance,,arrival of the emperor charles iv in front of saint denis 1460,,,,,,,train
ACD_000163,wikiart,Romanticism/dante-gabriel-rossetti_dante-s-dream-at-the-time-of-the-death-of-beatrice-study-1870.jpg,data/processed/wikiart_subset/images/ACD_000163.jpg,,Dante Gabriel Rossetti,Romanticism,Romanticism,,dante s dream at the time of the death of beatrice study 1870,,,,,,,train
ACD_000164,wikiart,Action_painting/jackson-pollock_autumn-rhythm-number-30-1950.jpg,data/processed/wikiart_subset/images/ACD_000164.jpg,,Jackson Pollock,Action Painting,Action painting,,autumn rhythm number 30 1950,,,,,,,train
ACD_000165,wikiart,Symbolism/nicholas-roerich_himalayas-1943-3.jpg,data/processed/wikiart_subset/images/ACD_000165.jpg,,Nicholas Roerich,Symbolism,Symbolism,,himalayas 1943 3,,,,,,,train
ACD_000166,wikiart,Ukiyo_e/utagawa-kuniyoshi_heroes-of-china-and-japan-1.jpg,data/processed/wikiart_subset/images/ACD_000166.jpg,,Utagawa Kuniyoshi,Ukiyo E,Ukiyo e,,heroes of china and japan 1,,,,,,,train
ACD_000167,wikiart,Action_painting/franz-kline_horizontal-rust-1960.jpg,data/processed/wikiart_subset/images/ACD_000167.jpg,,Franz Kline,Action Painting,Action painting,,horizontal rust 1960,,,,,,,train
ACD_000168,wikiart,Abstract_Expressionism/robert-nickle_untitled-1.jpg,data/processed/wikiart_subset/images/ACD_000168.jpg,,Robert Nickle,Abstract Expressionism,Abstract Expressionism,,untitled 1,,,,,,,train
ACD_000169,wikiart,Synthetic_Cubism/georges-braque_guitar-and-sheet-music-1919.jpg,data/processed/wikiart_subset/images/ACD_000169.jpg,,Georges Braque,Synthetic Cubism,Synthetic Cubism,,guitar and sheet music 1919,,,,,,,train
ACD_000170,wikiart,Contemporary_Realism/fairfield-porter_henry-sitting-in-chair-1958.jpg,data/processed/wikiart_subset/images/ACD_000170.jpg,,Fairfield Porter,Contemporary Realism,Contemporary Realism,,henry sitting in chair 1958,,,,,,,train
ACD_000171,wikiart,Analytical_Cubism/georges-braque_houses-at-estaque-1908.jpg,data/processed/wikiart_subset/images/ACD_000171.jpg,,Georges Braque,Analytical Cubism,Analytical Cubism,,houses at estaque 1908,,,,,,,train
ACD_000172,wikiart,Early_Renaissance/carlo-crivelli_annunciation-angel-gabriel-1468.jpg,data/processed/wikiart_subset/images/ACD_000172.jpg,,Carlo Crivelli,Early Renaissance,Early Renaissance,,annunciation angel gabriel 1468,,,,,,,train
ACD_000173,wikiart,Art_Nouveau_Modern/boris-kustodiev_portrait-of-fyodor-chaliapin-1921.jpg,data/processed/wikiart_subset/images/ACD_000173.jpg,,Boris Kustodiev,Art Nouveau Modern,Art Nouveau Modern,,portrait of fyodor chaliapin 1921,,,,,,,train
ACD_000174,wikiart,Contemporary_Realism/donald-sultan_apples-and-oranges-1987.jpg,data/processed/wikiart_subset/images/ACD_000174.jpg,,Donald Sultan,Contemporary Realism,Contemporary Realism,,apples and oranges 1987,,,,,,,train
ACD_000175,wikiart,Contemporary_Realism/eric-fischl_krefeld-project-living-room-scene-3.jpg,data/processed/wikiart_subset/images/ACD_000175.jpg,,Eric Fischl,Contemporary Realism,Contemporary Realism,,krefeld project living room scene 3,,,,,,,train
ACD_000176,wikiart,Expressionism/vilmos-aba-novak_musicians.jpg,data/processed/wikiart_subset/images/ACD_000176.jpg,,Vilmos Aba Novak,Expressionism,Expressionism,,musicians,,,,,,,train
ACD_000177,wikiart,Post_Impressionism/gustave-loiseau_quay-of-the-hotel-deville-in-paris.jpg,data/processed/wikiart_subset/images/ACD_000177.jpg,,Gustave Loiseau,Post Impressionism,Post Impressionism,,quay of the hotel deville in paris,,,,,,,train
ACD_000178,wikiart,Fauvism/maurice-de-vlaminck_portrait-of-derain-1905.jpg,data/processed/wikiart_subset/images/ACD_000178.jpg,,Maurice De Vlaminck,Fauvism,Fauvism,,portrait of derain 1905,,,,,,,train
ACD_000179,wikiart,Early_Renaissance/fra-angelico_crucified-christ-1434.jpg,data/processed/wikiart_subset/images/ACD_000179.jpg,,Fra Angelico,Early Renaissance,Early Renaissance,,crucified christ 1434,,,,,,,train
ACD_000180,wikiart,Post_Impressionism/maxime-maufra_the-red-rocks-at-belle-ile.jpg,data/processed/wikiart_subset/images/ACD_000180.jpg,,Maxime Maufra,Post Impressionism,Post Impressionism,,the red rocks at belle ile,,,,,,,train
ACD_000181,wikiart,Realism/isaac-levitan_evening-at-volga-1888-1.jpg,data/processed/wikiart_subset/images/ACD_000181.jpg,,Isaac Levitan,Realism,Realism,,evening at volga 1888 1,,,,,,,train
ACD_000182,wikiart,Fauvism/henri-matisse_the-blue-window-1911.jpg,data/processed/wikiart_subset/images/ACD_000182.jpg,,Henri Matisse,Fauvism,Fauvism; Expressionism,,the blue window 1911,,,,,,,train
ACD_000183,wikiart,Rococo/giovanni-battista-tiepolo_crown-of-thorns.jpg,data/processed/wikiart_subset/images/ACD_000183.jpg,,Giovanni Battista Tiepolo,Rococo,Rococo,,crown of thorns,,,,,,,train
ACD_000184,wikiart,Naive_Art_Primitivism/pablo-picasso_nude-bust-1907.jpg,data/processed/wikiart_subset/images/ACD_000184.jpg,,Pablo Picasso,Naive Art Primitivism,Naive Art Primitivism; Cubism,,nude bust 1907,,,,,,,train
ACD_000185,wikiart,Synthetic_Cubism/georges-braque_still-life-with-a-guitar-on-a-table-1918.jpg,data/processed/wikiart_subset/images/ACD_000185.jpg,,Georges Braque,Synthetic Cubism,Synthetic Cubism,,still life with a guitar on a table 1918,,,,,,,train
ACD_000186,wikiart,Cubism/rene-magritte_youth-1924(1).jpg,data/processed/wikiart_subset/images/ACD_000186.jpg,,Rene Magritte,Cubism,Cubism,,youth 1924(1),,,,,,,train
ACD_000187,wikiart,Post_Impressionism/henri-de-toulouse-lautrec_woman-in-the-garden-1891.jpg,data/processed/wikiart_subset/images/ACD_000187.jpg,,Henri De Toulouse Lautrec,Post Impressionism,Post Impressionism,,woman in the garden 1891,,,,,,,train
ACD_000188,wikiart,Art_Nouveau_Modern/anna-ostroumova-lebedeva_st-isaac-s-cathedral-in-a-foggy-day-1922.jpg,data/processed/wikiart_subset/images/ACD_000188.jpg,,Anna Ostroumova Lebedeva,Art Nouveau Modern,Art Nouveau Modern,,st isaac s cathedral in a foggy day 1922,,,,,,,train
ACD_000189,wikiart,High_Renaissance/andrea-mantegna_the-court-of-mantua.jpg,data/processed/wikiart_subset/images/ACD_000189.jpg,,Andrea Mantegna,High Renaissance,High Renaissance,,the court of mantua,,,,,,,train
ACD_000190,wikiart,Expressionism/lucian-freud_annie-and-alice-1975.jpg,data/processed/wikiart_subset/images/ACD_000190.jpg,,Lucian Freud,Expressionism,Expressionism,,annie and alice 1975,,,,,,,train
ACD_000191,wikiart,Symbolism/kuzma-petrov-vodkin_figure-of-s-f-petrova-vodkin-the-artist-s-father-on-his-knees-from-the-back-1909.jpg,data/processed/wikiart_subset/images/ACD_000191.jpg,,Kuzma Petrov Vodkin,Symbolism,Symbolism,,figure of s f petrova vodkin the artist s father on his knees from the back 1909,,,,,,,train
ACD_000192,wikiart,Post_Impressionism/pablo-picasso_woman-with-blue-hat-1901.jpg,data/processed/wikiart_subset/images/ACD_000192.jpg,,Pablo Picasso,Post Impressionism,Post Impressionism,,woman with blue hat 1901,,,,,,,train
ACD_000193,wikiart,Rococo/benjamin-west_the-death-of-general-wolfe-detail.jpg,data/processed/wikiart_subset/images/ACD_000193.jpg,,Benjamin West,Rococo,Rococo,,the death of general wolfe detail,,,,,,,train
ACD_000194,wikiart,Naive_Art_Primitivism/max-ernst_homage-to-marcel-duchamp-1970.jpg,data/processed/wikiart_subset/images/ACD_000194.jpg,,Max Ernst,Naive Art Primitivism,Naive Art Primitivism,,homage to marcel duchamp 1970,,,,,,,train
ACD_000195,wikiart,Contemporary_Realism/jamie-wyeth_giuliana-and-the-sunflowers-1987.jpg,data/processed/wikiart_subset/images/ACD_000195.jpg,,Jamie Wyeth,Contemporary Realism,Contemporary Realism,,giuliana and the sunflowers 1987,,,,,,,train
ACD_000196,wikiart,Mannerism_Late_Renaissance/maerten-van-heemskerck_the-unhappy-lot-of-the-rich-1560.jpg,data/processed/wikiart_subset/images/ACD_000196.jpg,,Maerten Van Heemskerck,Mannerism Late Renaissance,Mannerism Late Renaissance,,the unhappy lot of the rich 1560,,,,,,,train
ACD_000197,wikiart,Early_Renaissance/benozzo-gozzoli_dream-of-innocent-iii-and-the-confirmation-of-the-rule.jpg,data/processed/wikiart_subset/images/ACD_000197.jpg,,Benozzo Gozzoli,Early Renaissance,Early Renaissance,,dream of innocent iii and the confirmation of the rule,,,,,,,train
ACD_000198,wikiart,Color_Field_Painting/mark-rothko_no-11.jpg,data/processed/wikiart_subset/images/ACD_000198.jpg,,Mark Rothko,Color Field Painting,Color Field Painting,,no 11,,,,,,,train
ACD_000199,wikiart,Early_Renaissance/piero-della-francesca_head-of-an-angel(1).jpg,data/processed/wikiart_subset/images/ACD_000199.jpg,,Piero Della Francesca,Early Renaissance,Early Renaissance,,head of an angel(1),,,,,,,train
ACD_000200,wikiart,Post_Impressionism/moise-kisling_portrait-of-madame-andre-salmon-1919.jpg,data/processed/wikiart_subset/images/ACD_000200.jpg,,Moise Kisling,Post Impressionism,Post Impressionism,,portrait of madame andre salmon 1919,,,,,,,train
ACD_000201,wikiart,Synthetic_Cubism/georges-braque_still-life-with-grapes-1918.jpg,data/processed/wikiart_subset/images/ACD_000201.jpg,,Georges Braque,Synthetic Cubism,Synthetic Cubism,,still life with grapes 1918,,,,,,,train
ACD_000202,wikiart,Baroque/canaletto_grand-canal-from-the-palazzo-balbi.jpg,data/processed/wikiart_subset/images/ACD_000202.jpg,,Canaletto,Baroque,Baroque,,grand canal from the palazzo balbi,,,,,,,train
ACD_000203,wikiart,Mannerism_Late_Renaissance/tintoretto_portrait-of-jacopo-soranzo.jpg,data/processed/wikiart_subset/images/ACD_000203.jpg,,Tintoretto,Mannerism Late Renaissance,Mannerism Late Renaissance,,portrait of jacopo soranzo,,,,,,,train
ACD_000204,wikiart,Expressionism/nikolaos-lytras_briedge-in-the-woods.jpg,data/processed/wikiart_subset/images/ACD_000204.jpg,,Nikolaos Lytras,Expressionism,Expressionism,,briedge in the woods,,,,,,,train
ACD_000205,wikiart,Expressionism/martiros-saryan_head-of-the-girl-1923.jpg,data/processed/wikiart_subset/images/ACD_000205.jpg,,Martiros Saryan,Expressionism,Expressionism,,head of the girl 1923,,,,,,,train
ACD_000206,wikiart,High_Renaissance/michelangelo_ignudo-4.jpg,data/processed/wikiart_subset/images/ACD_000206.jpg,,Michelangelo,High Renaissance,High Renaissance,,ignudo 4,,,,,,,train
ACD_000207,wikiart,Impressionism/ivan-grohar_temarski-vrt-1907.jpg,data/processed/wikiart_subset/images/ACD_000207.jpg,,Ivan Grohar,Impressionism,Impressionism,,temarski vrt 1907,,,,,,,train
ACD_000208,wikiart,Baroque/rembrandt_beggar-with-a-crippled-hand-leaning-on-a-stick-1629.jpg,data/processed/wikiart_subset/images/ACD_000208.jpg,,Rembrandt,Baroque,Baroque,,beggar with a crippled hand leaning on a stick 1629,,,,,,,train
ACD_000209,wikiart,Ukiyo_e/utagawa-kuniyoshi_the-poet-yacuren-and-a-companion-strolling-in-a-grove-of-trees.jpg,data/processed/wikiart_subset/images/ACD_000209.jpg,,Utagawa Kuniyoshi,Ukiyo E,Ukiyo e,,the poet yacuren and a companion strolling in a grove of trees,,,,,,,train
ACD_000210,wikiart,Pop_Art/jim-dine_picabia-ii-forgot-1971.jpg,data/processed/wikiart_subset/images/ACD_000210.jpg,,Jim Dine,Pop Art,Pop Art,,picabia ii forgot 1971,,,,,,,train
ACD_000211,wikiart,Mannerism_Late_Renaissance/jacopo-pontormo_st-sebastian-1515.jpg,data/processed/wikiart_subset/images/ACD_000211.jpg,,Jacopo Pontormo,Mannerism Late Renaissance,Mannerism Late Renaissance,,st sebastian 1515,,,,,,,train
ACD_000212,wikiart,Contemporary_Realism/konstantin-vasilyev_portrait-of-a-sister-with-shepherd-dog.jpg,data/processed/wikiart_subset/images/ACD_000212.jpg,,Konstantin Vasilyev,Contemporary Realism,Contemporary Realism,,portrait of a sister with shepherd dog,,,,,,,train
ACD_000213,wikiart,Northern_Renaissance/pieter-bruegel-the-elder_philistine.jpg,data/processed/wikiart_subset/images/ACD_000213.jpg,,Pieter Bruegel The Elder,Northern Renaissance,Northern Renaissance,,philistine,,,,,,,train
ACD_000214,wikiart,New_Realism/edward-hopper_first-row-orchestra.jpg,data/processed/wikiart_subset/images/ACD_000214.jpg,,Edward Hopper,New Realism,New Realism,,first row orchestra,,,,,,,train
ACD_000215,wikiart,Minimalism/brice-marden_untitled-1966.jpg,data/processed/wikiart_subset/images/ACD_000215.jpg,,Brice Marden,Minimalism,Minimalism,,untitled 1966,,,,,,,train
ACD_000216,wikiart,Pop_Art/richard-hamilton_i-m-dreaming-of-a-black-christmas-1971.jpg,data/processed/wikiart_subset/images/ACD_000216.jpg,,Richard Hamilton,Pop Art,Pop Art,,i m dreaming of a black christmas 1971,,,,,,,train
ACD_000217,wikiart,Rococo/george-morland_thunderstorm.jpg,data/processed/wikiart_subset/images/ACD_000217.jpg,,George Morland,Rococo,Rococo,,thunderstorm,,,,,,,train
ACD_000218,wikiart,Impressionism/nikolay-bogdanov-belsky_symphony.jpg,data/processed/wikiart_subset/images/ACD_000218.jpg,,Nikolay Bogdanov Belsky,Impressionism,Impressionism,,symphony,,,,,,,train
ACD_000219,wikiart,Pop_Art/andy-warhol_brillo-soap-pads-1969.jpg,data/processed/wikiart_subset/images/ACD_000219.jpg,,Andy Warhol,Pop Art,Pop Art,,brillo soap pads 1969,,,,,,,train
ACD_000220,wikiart,Mannerism_Late_Renaissance/jacopo-pontormo_st-matthew-the-evangelist.jpg,data/processed/wikiart_subset/images/ACD_000220.jpg,,Jacopo Pontormo,Mannerism Late Renaissance,Mannerism Late Renaissance,,st matthew the evangelist,,,,,,,train
ACD_000221,wikiart,Realism/ioannis-altamouras_ioannis-altamouras-ekthesi-sto-mouseio-mpenaki-13.jpg,data/processed/wikiart_subset/images/ACD_000221.jpg,,Ioannis Altamouras,Realism,Realism,,ioannis altamouras ekthesi sto mouseio mpenaki 13,,,,,,,train
ACD_000222,wikiart,Naive_Art_Primitivism/marc-chagall_moses-with-the-tablets-of-the-law-1956-1.jpg,data/processed/wikiart_subset/images/ACD_000222.jpg,,Marc Chagall,Naive Art Primitivism,Naive Art Primitivism,,moses with the tablets of the law 1956 1,,,,,,,train
ACD_000223,wikiart,Analytical_Cubism/pablo-picasso_table-in-a-cafe-bottle-of-pernod-1912.jpg,data/processed/wikiart_subset/images/ACD_000223.jpg,,Pablo Picasso,Analytical Cubism,Analytical Cubism,,table in a cafe bottle of pernod 1912,,,,,,,train
ACD_000224,wikiart,Fauvism/louis-valtat_child-with-trumpet-1910.jpg,data/processed/wikiart_subset/images/ACD_000224.jpg,,Louis Valtat,Fauvism,Fauvism,,child with trumpet 1910,,,,,,,train
ACD_000225,wikiart,Cubism/carlos-merida_estabilidad-en-dos-puntos-study.jpg,data/processed/wikiart_subset/images/ACD_000225.jpg,,Carlos Merida,Cubism,Cubism,,estabilidad en dos puntos study,,,,,,,train
ACD_000226,wikiart,Post_Impressionism/pablo-picasso_the-fortune-1901.jpg,data/processed/wikiart_subset/images/ACD_000226.jpg,,Pablo Picasso,Post Impressionism,Post Impressionism,,the fortune 1901,,,,,,,train
ACD_000227,wikiart,Mannerism_Late_Renaissance/jacopo-pontormo_portrait-of-cosimo-de-medici-the-elder.jpg,data/processed/wikiart_subset/images/ACD_000227.jpg,,Jacopo Pontormo,Mannerism Late Renaissance,Mannerism Late Renaissance,,portrait of cosimo de medici the elder,,,,,,,train
ACD_000228,wikiart,Symbolism/nicholas-roerich_mystery-of-rose-1933.jpg,data/processed/wikiart_subset/images/ACD_000228.jpg,,Nicholas Roerich,Symbolism,Symbolism,,mystery of rose 1933,,,,,,,train
ACD_000229,wikiart,Naive_Art_Primitivism/maria-primachenko_ukrainian-milkmaids-work-hard-like-miners-1970.jpg,data/processed/wikiart_subset/images/ACD_000229.jpg,,Maria Primachenko,Naive Art Primitivism,Naive Art Primitivism,,ukrainian milkmaids work hard like miners 1970,,,,,,,train
ACD_000230,wikiart,Art_Nouveau_Modern/frank-johnston_c-flight-machine-cracked-on-hangar-b-1918.jpg,data/processed/wikiart_subset/images/ACD_000230.jpg,,Frank Johnston,Art Nouveau Modern,Art Nouveau Modern,,c flight machine cracked on hangar b 1918,,,,,,,train
ACD_000231,wikiart,Contemporary_Realism/lucian-freud_girl-in-bed-1952.jpg,data/processed/wikiart_subset/images/ACD_000231.jpg,,Lucian Freud,Contemporary Realism,Contemporary Realism,,girl in bed 1952,,,,,,,train
ACD_000232,wikiart,Baroque/rembrandt_portrait-of-a-bearded-man-in-a-wide-brimmed-hat-1633.jpg,data/processed/wikiart_subset/images/ACD_000232.jpg,,Rembrandt,Baroque,Baroque,,portrait of a bearded man in a wide brimmed hat 1633,,,,,,,train
ACD_000233,wikiart,Symbolism/felicien-rops_order-reigns-in-warsaw.jpg,data/processed/wikiart_subset/images/ACD_000233.jpg,,Felicien Rops,Symbolism,Symbolism,,order reigns in warsaw,,,,,,,train
ACD_000234,wikiart,Abstract_Expressionism/perle-fine_pale-gold-grey-1950.jpg,data/processed/wikiart_subset/images/ACD_000234.jpg,,Perle Fine,Abstract Expressionism,Abstract Expressionism,,pale gold grey 1950,,,,,,,train
ACD_000235,wikiart,Post_Impressionism/paul-cezanne_l-estaque-view-through-the-pines-1883.jpg,data/processed/wikiart_subset/images/ACD_000235.jpg,,Paul Cezanne,Post Impressionism,Post Impressionism,,l estaque view through the pines 1883,,,,,,,train
ACD_000236,wikiart,Pop_Art/richard-artschwager_seated-group-1962.jpg,data/processed/wikiart_subset/images/ACD_000236.jpg,,Richard Artschwager,Pop Art,Pop Art,,seated group 1962,,,,,,,train
ACD_000237,wikiart,Pointillism/georges-seurat_woman-fishing-and-seated-figures-1884.jpg,data/processed/wikiart_subset/images/ACD_000237.jpg,,Georges Seurat,Pointillism,Pointillism,,woman fishing and seated figures 1884,,,,,,,train
ACD_000238,wikiart,Early_Renaissance/andrea-mantegna_prayer-in-the-garden-1459.jpg,data/processed/wikiart_subset/images/ACD_000238.jpg,,Andrea Mantegna,Early Renaissance,Early Renaissance,,prayer in the garden 1459,,,,,,,train
ACD_000239,wikiart,Early_Renaissance/paolo-uccello_scenes-of-monastic-life-2.jpg,data/processed/wikiart_subset/images/ACD_000239.jpg,,Paolo Uccello,Early Renaissance,Early Renaissance,,scenes of monastic life 2,,,,,,,train
ACD_000240,wikiart,Expressionism/egon-schiele_standing-female-nude-in-a-blue-robe-1913.jpg,data/processed/wikiart_subset/images/ACD_000240.jpg,,Egon Schiele,Expressionism,Expressionism,,standing female nude in a blue robe 1913,,,,,,,train
ACD_000241,wikiart,Realism/vincent-van-gogh_snowy-yard-1883.jpg,data/processed/wikiart_subset/images/ACD_000241.jpg,,Vincent Van Gogh,Realism,Realism,,snowy yard 1883,,,,,,,train
ACD_000242,wikiart,Fauvism/ion-pacea_marina-with-red-sun.jpg,data/processed/wikiart_subset/images/ACD_000242.jpg,,Ion Pacea,Fauvism,Fauvism; Expressionism,,marina with red sun,,,,,,,train
ACD_000243,wikiart,Symbolism/william-blake_illustration-to-milton-s-paradise-lost-1807-4.jpg,data/processed/wikiart_subset/images/ACD_000243.jpg,,William Blake,Symbolism,Symbolism,,illustration to milton s paradise lost 1807 4,,,,,,,train
ACD_000244,wikiart,Abstract_Expressionism/frank-stella_brazilian-merganser.jpg,data/processed/wikiart_subset/images/ACD_000244.jpg,,Frank Stella,Abstract Expressionism,Abstract Expressionism,,brazilian merganser,,,,,,,train
ACD_000245,wikiart,Realism/edgar-degas_portrait-of-a-woman-1.jpg,data/processed/wikiart_subset/images/ACD_000245.jpg,,Edgar Degas,Realism,Realism,,portrait of a woman 1,,,,,,,train
ACD_000246,wikiart,Color_Field_Painting/sam-francis_untitled-1964.jpg,data/processed/wikiart_subset/images/ACD_000246.jpg,,Sam Francis,Color Field Painting,Color Field Painting,,untitled 1964,,,,,,,train
ACD_000247,wikiart,Baroque/jacob-isaakszoon-van-ruisdael_sunrise-in-a-wood.jpg,data/processed/wikiart_subset/images/ACD_000247.jpg,,Jacob Isaakszoon Van Ruisdael,Baroque,Baroque,,sunrise in a wood,,,,,,,train
ACD_000248,wikiart,Analytical_Cubism/georges-braque_fruitdish-and-glass-1912.jpg,data/processed/wikiart_subset/images/ACD_000248.jpg,,Georges Braque,Analytical Cubism,Analytical Cubism,,fruitdish and glass 1912,,,,,,,train
ACD_000249,wikiart,Northern_Renaissance/lucas-cranach-the-elder_venus-and-cupid-1534.jpg,data/processed/wikiart_subset/images/ACD_000249.jpg,,Lucas Cranach The Elder,Northern Renaissance,Northern Renaissance,,venus and cupid 1534,,,,,,,train
ACD_000250,wikiart,Expressionism/william-h.-johnson_still-life-1926.jpg,data/processed/wikiart_subset/images/ACD_000250.jpg,,William H. Johnson,Expressionism,Expressionism,,still life 1926,,,,,,,train
ACD_000251,wikiart,Ukiyo_e/ito-shinsui_morning-at-kambayashi-1948.jpg,data/processed/wikiart_subset/images/ACD_000251.jpg,,Ito Shinsui,Ukiyo E,Ukiyo e,,morning at kambayashi 1948,,,,,,,train
ACD_000252,wikiart,New_Realism/john-french-sloan_six-o-clock-winter-1912.jpg,data/processed/wikiart_subset/images/ACD_000252.jpg,,John French Sloan,New Realism,New Realism,,six o clock winter 1912,,,,,,,train
ACD_000253,wikiart,Ukiyo_e/utagawa-kuniyoshi_wrestling.jpg,data/processed/wikiart_subset/images/ACD_000253.jpg,,Utagawa Kuniyoshi,Ukiyo E,Ukiyo e,,wrestling,,,,,,,train
ACD_000254,wikiart,High_Renaissance/raphael_madonna-della-tenda.jpg,data/processed/wikiart_subset/images/ACD_000254.jpg,,Raphael,High Renaissance,High Renaissance,,madonna della tenda,,,,,,,train
ACD_000255,wikiart,New_Realism/george-luks_portrait-of-a-young-girl-antoinette-kraushaar.jpg,data/processed/wikiart_subset/images/ACD_000255.jpg,,George Luks,New Realism,New Realism,,portrait of a young girl antoinette kraushaar,,,,,,,train
ACD_000256,wikiart,Romanticism/john-constable_malvern-hall.jpg,data/processed/wikiart_subset/images/ACD_000256.jpg,,John Constable,Romanticism,Romanticism,,malvern hall,,,,,,,train
ACD_000257,wikiart,Early_Renaissance/benozzo-gozzoli_tabernacle-of-the-madonna-delle-tosse-maria-lactans-detail.jpg,data/processed/wikiart_subset/images/ACD_000257.jpg,,Benozzo Gozzoli,Early Renaissance,Early Renaissance,,tabernacle of the madonna delle tosse maria lactans detail,,,,,,,train
ACD_000258,wikiart,Realism/camille-corot_path-towards-a-house-in-the-countryside.jpg,data/processed/wikiart_subset/images/ACD_000258.jpg,,Camille Corot,Realism,Realism,,path towards a house in the countryside,,,,,,,train
ACD_000259,wikiart,Early_Renaissance/fra-angelico_visitation-1434.jpg,data/processed/wikiart_subset/images/ACD_000259.jpg,,Fra Angelico,Early Renaissance,Early Renaissance,,visitation 1434,,,,,,,train
ACD_000260,wikiart,Symbolism/martiros-saryan_landscape-shirak-1962.jpg,data/processed/wikiart_subset/images/ACD_000260.jpg,,Martiros Saryan,Symbolism,Symbolism,,landscape shirak 1962,,,,,,,train
ACD_000261,wikiart,Naive_Art_Primitivism/mary-fedden_by-the-sea-1990.jpg,data/processed/wikiart_subset/images/ACD_000261.jpg,,Mary Fedden,Naive Art Primitivism,Naive Art Primitivism,,by the sea 1990,,,,,,,train
ACD_000262,wikiart,Contemporary_Realism/gilles-aillaud_mar-e-basse-courants-ii-1986.jpg,data/processed/wikiart_subset/images/ACD_000262.jpg,,Gilles Aillaud,Contemporary Realism,Contemporary Realism,,mar e basse courants ii 1986,,,,,,,train
ACD_000263,wikiart,Post_Impressionism/maurice-prendergast_still-life-apples-vase-1915.jpg,data/processed/wikiart_subset/images/ACD_000263.jpg,,Maurice Prendergast,Post Impressionism,Post Impressionism,,still life apples vase 1915,,,,,,,train
ACD_000264,wikiart,Color_Field_Painting/blinky-palermo_untitled-1968.jpg,data/processed/wikiart_subset/images/ACD_000264.jpg,,Blinky Palermo,Color Field Painting,Color Field Painting,,untitled 1968,,,,,,,train
ACD_000265,wikiart,Cubism/vicente-manansala_machinery.jpg,data/processed/wikiart_subset/images/ACD_000265.jpg,,Vicente Manansala,Cubism,Cubism,,machinery,,,,,,,train
ACD_000266,wikiart,Mannerism_Late_Renaissance/el-greco_st-john-the-evangelist-and-st-francis.jpg,data/processed/wikiart_subset/images/ACD_000266.jpg,,El Greco,Mannerism Late Renaissance,Mannerism Late Renaissance,,st john the evangelist and st francis,,,,,,,train
ACD_000267,wikiart,Symbolism/mstislav-dobuzhinsky_province-voronezh-1912.jpg,data/processed/wikiart_subset/images/ACD_000267.jpg,,Mstislav Dobuzhinsky,Symbolism,Symbolism,,province voronezh 1912,,,,,,,train
ACD_000268,wikiart,Color_Field_Painting/morris-louis_delta-kappa-1960.jpg,data/processed/wikiart_subset/images/ACD_000268.jpg,,Morris Louis,Color Field Painting,Color Field Painting,,delta kappa 1960,,,,,,,train
ACD_000269,wikiart,Rococo/thomas-gainsborough_the-cottage-door.jpg,data/processed/wikiart_subset/images/ACD_000269.jpg,,Thomas Gainsborough,Rococo,Rococo,,the cottage door,,,,,,,train
ACD_000270,wikiart,Contemporary_Realism/eric-fischl_krefeld-project-bedroom-scene-1.jpg,data/processed/wikiart_subset/images/ACD_000270.jpg,,Eric Fischl,Contemporary Realism,Contemporary Realism,,krefeld project bedroom scene 1,,,,,,,train
ACD_000271,wikiart,Fauvism/louis-valtat_italian-landscape-1902.jpg,data/processed/wikiart_subset/images/ACD_000271.jpg,,Louis Valtat,Fauvism,Fauvism,,italian landscape 1902,,,,,,,train
ACD_000272,wikiart,High_Renaissance/giovanni-bellini_the-feast-of-the-gods-1514.jpg,data/processed/wikiart_subset/images/ACD_000272.jpg,,Giovanni Bellini,High Renaissance,High Renaissance,,the feast of the gods 1514,,,,,,,train
ACD_000273,wikiart,Mannerism_Late_Renaissance/jacopo-pontormo_madonna-angels-and-saints-1518.jpg,data/processed/wikiart_subset/images/ACD_000273.jpg,,Jacopo Pontormo,Mannerism Late Renaissance,Mannerism Late Renaissance,,madonna angels and saints 1518,,,,,,,train
ACD_000274,wikiart,New_Realism/george-luks_hobo-musician.jpg,data/processed/wikiart_subset/images/ACD_000274.jpg,,George Luks,New Realism,New Realism,,hobo musician,,,,,,,train
ACD_000275,wikiart,New_Realism/john-french-sloan_election-night-1907.jpg,data/processed/wikiart_subset/images/ACD_000275.jpg,,John French Sloan,New Realism,New Realism,,election night 1907,,,,,,,train
ACD_000276,wikiart,Pop_Art/allen-jones_cut-a-way-1976.jpg,data/processed/wikiart_subset/images/ACD_000276.jpg,,Allen Jones,Pop Art,Pop Art,,cut a way 1976,,,,,,,train
ACD_000277,wikiart,Realism/vincent-van-gogh_scheveningen-woman-knitting-1881.jpg,data/processed/wikiart_subset/images/ACD_000277.jpg,,Vincent Van Gogh,Realism,Realism,,scheveningen woman knitting 1881,,,,,,,train
ACD_000278,wikiart,Realism/vincent-van-gogh_churchyard-in-the-rain-1883(1).jpg,data/processed/wikiart_subset/images/ACD_000278.jpg,,Vincent Van Gogh,Realism,Realism,,churchyard in the rain 1883(1),,,,,,,train
ACD_000279,wikiart,Naive_Art_Primitivism/joan-miro_the-vegetable-garden-with-donkey.jpg,data/processed/wikiart_subset/images/ACD_000279.jpg,,Joan Miro,Naive Art Primitivism,Naive Art Primitivism; Cubism,,the vegetable garden with donkey,,,,,,,train
ACD_000280,wikiart,Contemporary_Realism/jamie-wyeth_portrait-of-jean-kennedy-smith-1972.jpg,data/processed/wikiart_subset/images/ACD_000280.jpg,,Jamie Wyeth,Contemporary Realism,Contemporary Realism,,portrait of jean kennedy smith 1972,,,,,,,train
ACD_000281,wikiart,New_Realism/yiannis-tsaroychis_winter-1979.jpg,data/processed/wikiart_subset/images/ACD_000281.jpg,,Yiannis Tsaroychis,New Realism,New Realism,,winter 1979,,,,,,,train
ACD_000282,wikiart,Impressionism/john-singer-sargent_the-cashmere-shawl-1910.jpg,data/processed/wikiart_subset/images/ACD_000282.jpg,,John Singer Sargent,Impressionism,Impressionism,,the cashmere shawl 1910,,,,,,,train
ACD_000283,wikiart,Romanticism/alexander-shilov_spring-1992.jpg,data/processed/wikiart_subset/images/ACD_000283.jpg,,Alexander Shilov,Romanticism,Romanticism,,spring 1992,,,,,,,train
ACD_000284,wikiart,Impressionism/pierre-auguste-renoir_fishermen-by-a-lake.jpg,data/processed/wikiart_subset/images/ACD_000284.jpg,,Pierre Auguste Renoir,Impressionism,Impressionism,,fishermen by a lake,,,,,,,train
ACD_000285,wikiart,Cubism/fernand-leger_the-creation-of-the-world-monkey-drawing-of-costume-1923.jpg,data/processed/wikiart_subset/images/ACD_000285.jpg,,Fernand Leger,Cubism,Cubism,,the creation of the world monkey drawing of costume 1923,,,,,,,train
ACD_000286,wikiart,Romanticism/henry-raeburn_john-playfair.jpg,data/processed/wikiart_subset/images/ACD_000286.jpg,,Henry Raeburn,Romanticism,Romanticism,,john playfair,,,,,,,train
ACD_000287,wikiart,New_Realism/edward-hopper_blue-night.jpg,data/processed/wikiart_subset/images/ACD_000287.jpg,,Edward Hopper,New Realism,New Realism,,blue night,,,,,,,train
ACD_000288,wikiart,Symbolism/pablo-picasso_standing-young-nude-1904.jpg,data/processed/wikiart_subset/images/ACD_000288.jpg,,Pablo Picasso,Symbolism,Symbolism,,standing young nude 1904,,,,,,,train
ACD_000289,wikiart,Post_Impressionism/periklis-vyzantios_studio.jpg,data/processed/wikiart_subset/images/ACD_000289.jpg,,Periklis Vyzantios,Post Impressionism,Post Impressionism,,studio,,,,,,,train
ACD_000290,wikiart,New_Realism/john-french-sloan_deep-blue-sea-1916.jpg,data/processed/wikiart_subset/images/ACD_000290.jpg,,John French Sloan,New Realism,New Realism,,deep blue sea 1916,,,,,,,train
ACD_000291,wikiart,Pop_Art/burhan-dogancay_eye-opener-2009.jpg,data/processed/wikiart_subset/images/ACD_000291.jpg,,Burhan Dogancay,Pop Art,Pop Art,,eye opener 2009,,,,,,,train
ACD_000292,wikiart,New_Realism/john-french-sloan_spanish-girl-fur-hat-red-coat-1909.jpg,data/processed/wikiart_subset/images/ACD_000292.jpg,,John French Sloan,New Realism,New Realism,,spanish girl fur hat red coat 1909,,,,,,,train
ACD_000293,wikiart,Rococo/pietro-longhi_the-fortune-teller(1).jpg,data/processed/wikiart_subset/images/ACD_000293.jpg,,Pietro Longhi,Rococo,Rococo,,the fortune teller(1),,,,,,,train
ACD_000294,wikiart,Pointillism/henri-martin_lot-landscape-1890.jpg,data/processed/wikiart_subset/images/ACD_000294.jpg,,Henri Martin,Pointillism,Pointillism,,lot landscape 1890,,,,,,,train
ACD_000295,wikiart,Contemporary_Realism/eric-fischl_the-bed-the-chair-waiting.jpg,data/processed/wikiart_subset/images/ACD_000295.jpg,,Eric Fischl,Contemporary Realism,Contemporary Realism,,the bed the chair waiting,,,,,,,train
ACD_000296,wikiart,Expressionism/henri-matisse_dancer-and-rocaille-armchair-on-a-black-background-1942.jpg,data/processed/wikiart_subset/images/ACD_000296.jpg,,Henri Matisse,Expressionism,Expressionism,,dancer and rocaille armchair on a black background 1942,,,,,,,train
ACD_000297,wikiart,Northern_Renaissance/albrecht-durer_draft-for-a-book-sign-crane.jpg,data/processed/wikiart_subset/images/ACD_000297.jpg,,Albrecht Durer,Northern Renaissance,Northern Renaissance,,draft for a book sign crane,,,,,,,train
ACD_000298,wikiart,Symbolism/nicholas-roerich_mountain-abode-1923.jpg,data/processed/wikiart_subset/images/ACD_000298.jpg,,Nicholas Roerich,Symbolism,Symbolism,,mountain abode 1923,,,,,,,train
ACD_000299,wikiart,Impressionism/konstantin-korovin_autumn-1917.jpg,data/processed/wikiart_subset/images/ACD_000299.jpg,,Konstantin Korovin,Impressionism,Impressionism,,autumn 1917,,,,,,,train
ACD_000300,wikiart,Ukiyo_e/keisai-eisen_goyu-nanahito-of-the-sugata-ebiya-1823.jpg,data/processed/wikiart_subset/images/ACD_000300.jpg,,Keisai Eisen,Ukiyo E,Ukiyo e,,goyu nanahito of the sugata ebiya 1823,,,,,,,train
ACD_000301,wikiart,Romanticism/sir-lawrence-alma-tadema_her-eyes-are-with-her-thoughts-and-they-are-far-away-1897.jpg,data/processed/wikiart_subset/images/ACD_000301.jpg,,Sir Lawrence Alma Tadema,Romanticism,Romanticism,,her eyes are with her thoughts and they are far away 1897,,,,,,,train
ACD_000302,wikiart,Impressionism/konstantin-korovin_north-1901.jpg,data/processed/wikiart_subset/images/ACD_000302.jpg,,Konstantin Korovin,Impressionism,Impressionism,,north 1901,,,,,,,train
ACD_000303,wikiart,Northern_Renaissance/hieronymus-bosch_not_detected_195350.jpg,data/processed/wikiart_subset/images/ACD_000303.jpg,,Hieronymus Bosch,Northern Renaissance,Northern Renaissance,,not_detected_195350,,,,,,,train
ACD_000304,wikiart,Expressionism/princess-fahrelnissa-zeid_portrait-for-iris-clert-1965.jpg,data/processed/wikiart_subset/images/ACD_000304.jpg,,Princess Fahrelnissa Zeid,Expressionism,Expressionism,,portrait for iris clert 1965,,,,,,,train
ACD_000305,wikiart,Cubism/pyotr-konchalovsky_city-1912.jpg,data/processed/wikiart_subset/images/ACD_000305.jpg,,Pyotr Konchalovsky,Cubism,Cubism,,city 1912,,,,,,,train
ACD_000306,wikiart,Fauvism/andre-derain_the-basin-of-london-1906.jpg,data/processed/wikiart_subset/images/ACD_000306.jpg,,Andre Derain,Fauvism,Fauvism,,the basin of london 1906,,,,,,,train
ACD_000307,wikiart,Minimalism/paul-brach_the-negative-way-7-1964.jpg,data/processed/wikiart_subset/images/ACD_000307.jpg,,Paul Brach,Minimalism,Minimalism,,the negative way 7 1964,,,,,,,train
ACD_000308,wikiart,Impressionism/lovis-corinth_the-walchensee-on-the-terrace-1922.jpg,data/processed/wikiart_subset/images/ACD_000308.jpg,,Lovis Corinth,Impressionism,Impressionism; Expressionism,,the walchensee on the terrace 1922,,,,,,,train
ACD_000309,wikiart,Contemporary_Realism/richard-whitney_monadnock-orchard.jpg,data/processed/wikiart_subset/images/ACD_000309.jpg,,Richard Whitney,Contemporary Realism,Contemporary Realism,,monadnock orchard,,,,,,,train
ACD_000310,wikiart,Contemporary_Realism/john-miller_shoreline.jpg,data/processed/wikiart_subset/images/ACD_000310.jpg,,John Miller,Contemporary Realism,Contemporary Realism,,shoreline,,,,,,,train
ACD_000311,wikiart,Pop_Art/walter-battiss_four-excessive-females.jpg,data/processed/wikiart_subset/images/ACD_000311.jpg,,Walter Battiss,Pop Art,Pop Art,,four excessive females,,,,,,,train
ACD_000312,wikiart,Impressionism/theodor-aman_costume-party-in-the-workshop-1885.jpg,data/processed/wikiart_subset/images/ACD_000312.jpg,,Theodor Aman,Impressionism,Impressionism,,costume party in the workshop 1885,,,,,,,train
ACD_000313,wikiart,Rococo/bernardo-bellotto_venice-veduta.jpg,data/processed/wikiart_subset/images/ACD_000313.jpg,,Bernardo Bellotto,Rococo,Rococo,,venice veduta,,,,,,,train
ACD_000314,wikiart,Rococo/canaletto_san-marco-square-venice.jpg,data/processed/wikiart_subset/images/ACD_000314.jpg,,Canaletto,Rococo,Rococo,,san marco square venice,,,,,,,train
ACD_000315,wikiart,Cubism/louis-marcoussis_nature-morte-1926.jpg,data/processed/wikiart_subset/images/ACD_000315.jpg,,Louis Marcoussis,Cubism,Cubism,,nature morte 1926,,,,,,,train
ACD_000316,wikiart,Naive_Art_Primitivism/david-burliuk_tea-time-1946.jpg,data/processed/wikiart_subset/images/ACD_000316.jpg,,David Burliuk,Naive Art Primitivism,Naive Art Primitivism,,tea time 1946,,,,,,,train
ACD_000317,wikiart,Rococo/jean-baptiste-simeon-chardin_the-house-of-cards.jpg,data/processed/wikiart_subset/images/ACD_000317.jpg,,Jean Baptiste Simeon Chardin,Rococo,Rococo,,the house of cards,,,,,,,train
ACD_000318,wikiart,Color_Field_Painting/barnett-newman_onement-i.jpg,data/processed/wikiart_subset/images/ACD_000318.jpg,,Barnett Newman,Color Field Painting,Color Field Painting,,onement i,,,,,,,train
ACD_000319,wikiart,Post_Impressionism/viorel-marginean_unknown-title-1.jpg,data/processed/wikiart_subset/images/ACD_000319.jpg,,Viorel Marginean,Post Impressionism,Post Impressionism,,unknown title 1,,,,,,,train
ACD_000320,wikiart,Pointillism/georges-seurat_suburb-1882.jpg,data/processed/wikiart_subset/images/ACD_000320.jpg,,Georges Seurat,Pointillism,Pointillism,,suburb 1882,,,,,,,train
ACD_000321,wikiart,Cubism/jean-helion_fallen-figure-1939.jpg,data/processed/wikiart_subset/images/ACD_000321.jpg,,Jean Helion,Cubism,Cubism,,fallen figure 1939,,,,,,,train
ACD_000322,wikiart,Synthetic_Cubism/pablo-picasso_cubist-person-1917.jpg,data/processed/wikiart_subset/images/ACD_000322.jpg,,Pablo Picasso,Synthetic Cubism,Synthetic Cubism,,cubist person 1917,,,,,,,train
ACD_000323,wikiart,Analytical_Cubism/juan-gris_portrait-of-germaine-raynal-1912.jpg,data/processed/wikiart_subset/images/ACD_000323.jpg,,Juan Gris,Analytical Cubism,Analytical Cubism,,portrait of germaine raynal 1912,,,,,,,train
ACD_000324,wikiart,Synthetic_Cubism/pablo-picasso_partition-bottle-of-port-guitar-playing-cards-1917.jpg,data/processed/wikiart_subset/images/ACD_000324.jpg,,Pablo Picasso,Synthetic Cubism,Synthetic Cubism,,partition bottle of port guitar playing cards 1917,,,,,,,train
ACD_000325,wikiart,Art_Nouveau_Modern/sergey-solomko_red-cross.jpg,data/processed/wikiart_subset/images/ACD_000325.jpg,,Sergey Solomko,Art Nouveau Modern,Art Nouveau Modern,,red cross,,,,,,,train
ACD_000326,wikiart,Naive_Art_Primitivism/fernand-leger_composition-in-two-birds-landscape-with-birds-1954.jpg,data/processed/wikiart_subset/images/ACD_000326.jpg,,Fernand Leger,Naive Art Primitivism,Naive Art Primitivism,,composition in two birds landscape with birds 1954,,,,,,,train
ACD_000327,wikiart,Baroque/frans-snyders_still-life-with-fruit-basket-and-game.jpg,data/processed/wikiart_subset/images/ACD_000327.jpg,,Frans Snyders,Baroque,Baroque,,still life with fruit basket and game,,,,,,,train
ACD_000328,wikiart,Mannerism_Late_Renaissance/agnolo-bronzino_portrait-of-cosimo-i-de-medici-1545-1.jpg,data/processed/wikiart_subset/images/ACD_000328.jpg,,Agnolo Bronzino,Mannerism Late Renaissance,Mannerism Late Renaissance,,portrait of cosimo i de medici 1545 1,,,,,,,train
ACD_000329,wikiart,Fauvism/henri-matisse_dance-1912.jpg,data/processed/wikiart_subset/images/ACD_000329.jpg,,Henri Matisse,Fauvism,Fauvism; Expressionism,,dance 1912,,,,,,,train
ACD_000330,wikiart,Realism/edgar-degas_achille-de-gas-as-a-naval-cadet-detail-1857.jpg,data/processed/wikiart_subset/images/ACD_000330.jpg,,Edgar Degas,Realism,Realism,,achille de gas as a naval cadet detail 1857,,,,,,,train
ACD_000331,wikiart,Early_Renaissance/benozzo-gozzoli_st-mark-detail-of-the-four-evangelists-1465.jpg,data/processed/wikiart_subset/images/ACD_000331.jpg,,Benozzo Gozzoli,Early Renaissance,Early Renaissance,,st mark detail of the four evangelists 1465,,,,,,,train
ACD_000332,wikiart,Abstract_Expressionism/bradley-walker-tomlin_number-1-1952.jpg,data/processed/wikiart_subset/images/ACD_000332.jpg,,Bradley Walker Tomlin,Abstract Expressionism,Abstract Expressionism,,number 1 1952,,,,,,,train
ACD_000333,wikiart,Action_painting/franz-kline_zinc-yellow-1959.jpg,data/processed/wikiart_subset/images/ACD_000333.jpg,,Franz Kline,Action Painting,Action painting,,zinc yellow 1959,,,,,,,train
ACD_000334,wikiart,Action_painting/jackson-pollock_composition-white-black-blue-and-red-on-white-1948.jpg,data/processed/wikiart_subset/images/ACD_000334.jpg,,Jackson Pollock,Action Painting,Action painting,,composition white black blue and red on white 1948,,,,,,,train
ACD_000335,wikiart,Expressionism/ernst-ludwig-kirchner_resting-couple.jpg,data/processed/wikiart_subset/images/ACD_000335.jpg,,Ernst Ludwig Kirchner,Expressionism,Expressionism,,resting couple,,,,,,,train
ACD_000336,wikiart,Cubism/diego-rivera_portrait-of-oscar-miestchaninoff-1913.jpg,data/processed/wikiart_subset/images/ACD_000336.jpg,,Diego Rivera,Cubism,Cubism,,portrait of oscar miestchaninoff 1913,,,,,,,train
ACD_000337,wikiart,Rococo/dmitry-levitzky_portrait-of-countess-praskovya-vorontsova-as-a-child.jpg,data/processed/wikiart_subset/images/ACD_000337.jpg,,Dmitry Levitzky,Rococo,Rococo,,portrait of countess praskovya vorontsova as a child,,,,,,,train
ACD_000338,wikiart,Pop_Art/andy-warhol_ingrid-bergman-as-herself-1.jpg,data/processed/wikiart_subset/images/ACD_000338.jpg,,Andy Warhol,Pop Art,Pop Art,,ingrid bergman as herself 1,,,,,,,train
ACD_000339,wikiart,Impressionism/alfred-sisley_on-the-banks-of-the-loing-canal-1883.jpg,data/processed/wikiart_subset/images/ACD_000339.jpg,,Alfred Sisley,Impressionism,Impressionism,,on the banks of the loing canal 1883,,,,,,,train
ACD_000340,wikiart,Color_Field_Painting/anne-truitt_untitled-1967.jpg,data/processed/wikiart_subset/images/ACD_000340.jpg,,Anne Truitt,Color Field Painting,Color Field Painting,,untitled 1967,,,,,,,train
ACD_000341,wikiart,Analytical_Cubism/pablo-picasso_portrait-of-ambroise-vollard-1910.jpg,data/processed/wikiart_subset/images/ACD_000341.jpg,,Pablo Picasso,Analytical Cubism,Analytical Cubism,,portrait of ambroise vollard 1910,,,,,,,train
ACD_000342,wikiart,Mannerism_Late_Renaissance/el-greco_st-idelfonso-1.jpg,data/processed/wikiart_subset/images/ACD_000342.jpg,,El Greco,Mannerism Late Renaissance,Mannerism Late Renaissance,,st idelfonso 1,,,,,,,train
ACD_000343,wikiart,Ukiyo_e/utagawa-toyokuni-ii_the-scholar-sugawara-no-michizane.jpg,data/processed/wikiart_subset/images/ACD_000343.jpg,,Utagawa Toyokuni Ii,Ukiyo E,Ukiyo e,,the scholar sugawara no michizane,,,,,,,train
ACD_000344,wikiart,Realism/vasily-perov_portrait-of-the-poet-apollon-maikov-1872.jpg,data/processed/wikiart_subset/images/ACD_000344.jpg,,Vasily Perov,Realism,Realism,,portrait of the poet apollon maikov 1872,,,,,,,train
ACD_000345,wikiart,Expressionism/august-macke_red-house-in-park.jpg,data/processed/wikiart_subset/images/ACD_000345.jpg,,August Macke,Expressionism,Expressionism,,red house in park,,,,,,,train
ACD_000346,wikiart,Analytical_Cubism/pablo-picasso_nude-figure.jpg,data/processed/wikiart_subset/images/ACD_000346.jpg,,Pablo Picasso,Analytical Cubism,Analytical Cubism,,nude figure,,,,,,,train
ACD_000347,wikiart,Minimalism/jim-lambie_rsvpmfa.jpg,data/processed/wikiart_subset/images/ACD_000347.jpg,,Jim Lambie,Minimalism,Minimalism,,rsvpmfa,,,,,,,train
ACD_000348,wikiart,Romanticism/viktor-vasnetsov_spring-1882.jpg,data/processed/wikiart_subset/images/ACD_000348.jpg,,Viktor Vasnetsov,Romanticism,Romanticism,,spring 1882,,,,,,,train
ACD_000349,wikiart,High_Renaissance/raphael_the-parnassus-from-the-stanza-delle-segnatura-detail-1511-2.jpg,data/processed/wikiart_subset/images/ACD_000349.jpg,,Raphael,High Renaissance,High Renaissance,,the parnassus from the stanza delle segnatura detail 1511 2,,,,,,,train
ACD_000350,wikiart,Naive_Art_Primitivism/marc-chagall_noah-lets-go-the-dove-through-the-window-of-the-ark-genesis-viii-6-9.jpg,data/processed/wikiart_subset/images/ACD_000350.jpg,,Marc Chagall,Naive Art Primitivism,Naive Art Primitivism,,noah lets go the dove through the window of the ark genesis viii 6 9,,,,,,,train
ACD_000351,wikiart,Minimalism/sol-lewitt_vertical-lines-not-touching-1970.jpg,data/processed/wikiart_subset/images/ACD_000351.jpg,,Sol Lewitt,Minimalism,Minimalism,,vertical lines not touching 1970,,,,,,,train
ACD_000352,wikiart,Rococo/jean-honore-fragonard_high-priest-coresus-sacrificing-himself-to-save-callirhoe-scene-from-description-of-greece-by-1765.jpg,data/processed/wikiart_subset/images/ACD_000352.jpg,,Jean Honore Fragonard,Rococo,Rococo,,high priest coresus sacrificing himself to save callirhoe scene from description of greece by 1765,,,,,,,train
ACD_000353,wikiart,Abstract_Expressionism/sam-francis_coral-trails-1986.jpg,data/processed/wikiart_subset/images/ACD_000353.jpg,,Sam Francis,Abstract Expressionism,Abstract Expressionism,,coral trails 1986,,,,,,,train
ACD_000354,wikiart,Minimalism/alighiero-boetti_ma-cosa-fai-ma-cosa-dici-1972.jpg,data/processed/wikiart_subset/images/ACD_000354.jpg,,Alighiero Boetti,Minimalism,Minimalism,,ma cosa fai ma cosa dici 1972,,,,,,,train
ACD_000355,wikiart,Symbolism/nicholas-roerich_message-from-shambhala-1931.jpg,data/processed/wikiart_subset/images/ACD_000355.jpg,,Nicholas Roerich,Symbolism,Symbolism,,message from shambhala 1931,,,,,,,train
ACD_000356,wikiart,Color_Field_Painting/sam-francis_untitled-edge-1964.jpg,data/processed/wikiart_subset/images/ACD_000356.jpg,,Sam Francis,Color Field Painting,Color Field Painting,,untitled edge 1964,,,,,,,train
ACD_000357,wikiart,Impressionism/alfred-sisley_the-road-to-louveciennes-montbuisson.jpg,data/processed/wikiart_subset/images/ACD_000357.jpg,,Alfred Sisley,Impressionism,Impressionism,,the road to louveciennes montbuisson,,,,,,,train
ACD_000358,wikiart,Romanticism/john-everett-millais_not_detected_236478.jpg,data/processed/wikiart_subset/images/ACD_000358.jpg,,John Everett Millais,Romanticism,Romanticism,,not_detected_236478,,,,,,,train
ACD_000359,wikiart,High_Renaissance/michelangelo_st-petronius-1494.jpg,data/processed/wikiart_subset/images/ACD_000359.jpg,,Michelangelo,High Renaissance,High Renaissance,,st petronius 1494,,,,,,,train
ACD_000360,wikiart,Expressionism/jean-helion_mannequinerie-en-solde-1978.jpg,data/processed/wikiart_subset/images/ACD_000360.jpg,,Jean Helion,Expressionism,Expressionism,,mannequinerie en solde 1978,,,,,,,train
ACD_000361,wikiart,Color_Field_Painting/kenzo-okada_three-whites-1963.jpg,data/processed/wikiart_subset/images/ACD_000361.jpg,,Kenzo Okada,Color Field Painting,Color Field Painting; Abstract Expressionism,,three whites 1963,,,,,,,train
ACD_000362,wikiart,New_Realism/edward-hopper_read-pavillonde-flore.jpg,data/processed/wikiart_subset/images/ACD_000362.jpg,,Edward Hopper,New Realism,New Realism,,read pavillonde flore,,,,,,,train
ACD_000363,wikiart,High_Renaissance/titian_suicide-of-lucretia-1515.jpg,data/processed/wikiart_subset/images/ACD_000363.jpg,,Titian,High Renaissance,High Renaissance,,suicide of lucretia 1515,,,,,,,train
ACD_000364,wikiart,Art_Nouveau_Modern/felix-vallotton_german-philosopher-arthur-schopenhauer-1896.jpg,data/processed/wikiart_subset/images/ACD_000364.jpg,,Felix Vallotton,Art Nouveau Modern,Art Nouveau Modern,,german philosopher arthur schopenhauer 1896,,,,,,,train
ACD_000365,wikiart,Analytical_Cubism/pablo-picasso_the-chess-1911.jpg,data/processed/wikiart_subset/images/ACD_000365.jpg,,Pablo Picasso,Analytical Cubism,Analytical Cubism,,the chess 1911,,,,,,,train
ACD_000366,wikiart,Action_painting/franz-kline_mahoning-1956.jpg,data/processed/wikiart_subset/images/ACD_000366.jpg,,Franz Kline,Action Painting,Action painting,,mahoning 1956,,,,,,,train
ACD_000367,wikiart,Minimalism/henk-peeters_untitled-3.jpg,data/processed/wikiart_subset/images/ACD_000367.jpg,,Henk Peeters,Minimalism,Minimalism,,untitled 3,,,,,,,train
ACD_000368,wikiart,Pointillism/henri-edmond-cross_the-shipwreck-1907.jpg,data/processed/wikiart_subset/images/ACD_000368.jpg,,Henri Edmond Cross,Pointillism,Pointillism,,the shipwreck 1907,,,,,,,train
ACD_000369,wikiart,High_Renaissance/michelangelo_samson-and-two-philistines.jpg,data/processed/wikiart_subset/images/ACD_000369.jpg,,Michelangelo,High Renaissance,High Renaissance,,samson and two philistines,,,,,,,train
ACD_000370,wikiart,Symbolism/nicholas-roerich_ladakh-1925.jpg,data/processed/wikiart_subset/images/ACD_000370.jpg,,Nicholas Roerich,Symbolism,Symbolism,,ladakh 1925,,,,,,,train
ACD_000371,wikiart,Action_painting/jackson-pollock_mural-on-indian-red-ground-1950.jpg,data/processed/wikiart_subset/images/ACD_000371.jpg,,Jackson Pollock,Action Painting,Action painting,,mural on indian red ground 1950,,,,,,,train
ACD_000372,wikiart,Romanticism/ivan-aivazovsky_view-of-feodosiya-1845.jpg,data/processed/wikiart_subset/images/ACD_000372.jpg,,Ivan Aivazovsky,Romanticism,Romanticism,,view of feodosiya 1845,,,,,,,train
ACD_000373,wikiart,Impressionism/paul-signac_railway-junction-near-bois-colombes-1886.jpg,data/processed/wikiart_subset/images/ACD_000373.jpg,,Paul Signac,Impressionism,Impressionism,,railway junction near bois colombes 1886,,,,,,,train
ACD_000374,wikiart,Minimalism/fernando-lanhas_o32-60-1960.jpg,data/processed/wikiart_subset/images/ACD_000374.jpg,,Fernando Lanhas,Minimalism,Minimalism,,o32 60 1960,,,,,,,train
ACD_000375,wikiart,New_Realism/edward-hopper_night-windows.jpg,data/processed/wikiart_subset/images/ACD_000375.jpg,,Edward Hopper,New Realism,New Realism,,night windows,,,,,,,train
ACD_000376,wikiart,Expressionism/edvard-munch_the-lumberjack-1913.jpg,data/processed/wikiart_subset/images/ACD_000376.jpg,,Edvard Munch,Expressionism,Expressionism,,the lumberjack 1913,,,,,,,train
ACD_000377,wikiart,Romanticism/alphonse-mucha_the-red-cape-1902.jpg,data/processed/wikiart_subset/images/ACD_000377.jpg,,Alphonse Mucha,Romanticism,Romanticism,,the red cape 1902,,,,,,,train
ACD_000378,wikiart,Cubism/jacques-villon_portrait-de-j-l-b.jpg,data/processed/wikiart_subset/images/ACD_000378.jpg,,Jacques Villon,Cubism,Cubism,,portrait de j l b,,,,,,,train
ACD_000379,wikiart,Art_Nouveau_Modern/koloman-moser_kolo-moser-1903.jpg,data/processed/wikiart_subset/images/ACD_000379.jpg,,Koloman Moser,Art Nouveau Modern,Art Nouveau Modern,,kolo moser 1903,,,,,,,train
ACD_000380,wikiart,Cubism/diego-rivera_portrait-de-martin-luis-guzman-1915.jpg,data/processed/wikiart_subset/images/ACD_000380.jpg,,Diego Rivera,Cubism,Cubism,,portrait de martin luis guzman 1915,,,,,,,train
ACD_000381,wikiart,Cubism/arshile-gorky_mechanics-of-flying.jpg,data/processed/wikiart_subset/images/ACD_000381.jpg,,Arshile Gorky,Cubism,Cubism,,mechanics of flying,,,,,,,train
ACD_000382,wikiart,Ukiyo_e/keisai-eisen_toyooka-of-the-okamotoya.jpg,data/processed/wikiart_subset/images/ACD_000382.jpg,,Keisai Eisen,Ukiyo E,Ukiyo e,,toyooka of the okamotoya,,,,,,,train
ACD_000383,wikiart,Abstract_Expressionism/jack-tworkov_blue-note-1959.jpg,data/processed/wikiart_subset/images/ACD_000383.jpg,,Jack Tworkov,Abstract Expressionism,Abstract Expressionism,,blue note 1959,,,,,,,train
ACD_000384,wikiart,Pointillism/jean-metzinger_paysage-pointilliste-1907.jpg,data/processed/wikiart_subset/images/ACD_000384.jpg,,Jean Metzinger,Pointillism,Pointillism,,paysage pointilliste 1907,,,,,,,train
ACD_000385,wikiart,Synthetic_Cubism/georges-braque_mandolin-1914.jpg,data/processed/wikiart_subset/images/ACD_000385.jpg,,Georges Braque,Synthetic Cubism,Synthetic Cubism,,mandolin 1914,,,,,,,train
ACD_000386,wikiart,Art_Nouveau_Modern/carl-larsson_a-lady-reading-a-newspaper(1).jpg,data/processed/wikiart_subset/images/ACD_000386.jpg,,Carl Larsson,Art Nouveau Modern,Art Nouveau Modern,,a lady reading a newspaper(1),,,,,,,train
ACD_000387,wikiart,New_Realism/john-french-sloan_jeanne-dubinsky-1942.jpg,data/processed/wikiart_subset/images/ACD_000387.jpg,,John French Sloan,New Realism,New Realism,,jeanne dubinsky 1942,,,,,,,train
ACD_000388,wikiart,Abstract_Expressionism/alice-baber_lord-of-the-rainbow-1976.jpg,data/processed/wikiart_subset/images/ACD_000388.jpg,,Alice Baber,Abstract Expressionism,Abstract Expressionism,,lord of the rainbow 1976,,,,,,,train
ACD_000389,wikiart,Early_Renaissance/domenico-ghirlandaio_altarpiece-of-st-vincent-ferrer.jpg,data/processed/wikiart_subset/images/ACD_000389.jpg,,Domenico Ghirlandaio,Early Renaissance,Early Renaissance,,altarpiece of st vincent ferrer,,,,,,,train
ACD_000390,wikiart,Analytical_Cubism/pablo-picasso_landscape-with-posters-1912.jpg,data/processed/wikiart_subset/images/ACD_000390.jpg,,Pablo Picasso,Analytical Cubism,Analytical Cubism,,landscape with posters 1912,,,,,,,train
ACD_000391,wikiart,Realism/gustave-courbet_valley-of-the-loue-1836.jpg,data/processed/wikiart_subset/images/ACD_000391.jpg,,Gustave Courbet,Realism,Realism,,valley of the loue 1836,,,,,,,train
ACD_000392,wikiart,Ukiyo_e/hiroshige_rabbits-under-moon.jpg,data/processed/wikiart_subset/images/ACD_000392.jpg,,Hiroshige,Ukiyo E,Ukiyo e,,rabbits under moon,,,,,,,train
ACD_000393,wikiart,Rococo/giovanni-battista-tiepolo_detail-of-dido-from-aeneid-presents-cupid-disguised-as-ascanius-to-dido-1757.jpg,data/processed/wikiart_subset/images/ACD_000393.jpg,,Giovanni Battista Tiepolo,Rococo,Rococo,,detail of dido from aeneid presents cupid disguised as ascanius to dido 1757,,,,,,,train
ACD_000394,wikiart,Impressionism/camille-pissarro_rouen-fog-effect-1898.jpg,data/processed/wikiart_subset/images/ACD_000394.jpg,,Camille Pissarro,Impressionism,Impressionism,,rouen fog effect 1898,,,,,,,train
ACD_000395,wikiart,Naive_Art_Primitivism/fernando-botero_spanish.jpg,data/processed/wikiart_subset/images/ACD_000395.jpg,,Fernando Botero,Naive Art Primitivism,Naive Art Primitivism,,spanish,,,,,,,train
ACD_000396,wikiart,Symbolism/mikhail-vrubel_mikula-selianinovich-and-volha-1899.jpg,data/processed/wikiart_subset/images/ACD_000396.jpg,,Mikhail Vrubel,Symbolism,Symbolism; Art Nouveau Modern,,mikula selianinovich and volha 1899,,,,,,,train
ACD_000397,wikiart,Romanticism/francisco-goya_girl-listening-to-a-guitar-1799.jpg,data/processed/wikiart_subset/images/ACD_000397.jpg,,Francisco Goya,Romanticism,Romanticism,,girl listening to a guitar 1799,,,,,,,train
ACD_000398,wikiart,Pointillism/henri-martin_house-of-marie-louise-in-labastide-1920.jpg,data/processed/wikiart_subset/images/ACD_000398.jpg,,Henri Martin,Pointillism,Pointillism,,house of marie louise in labastide 1920,,,,,,,train
ACD_000399,wikiart,Mannerism_Late_Renaissance/tintoretto_the-wise-and-foolish-virgins.jpg,data/processed/wikiart_subset/images/ACD_000399.jpg,,Tintoretto,Mannerism Late Renaissance,Mannerism Late Renaissance,,the wise and foolish virgins,,,,,,,train
ACD_000400,wikiart,High_Renaissance/pietro-perugino_pala-di-sant-agostino-pieta-1523.jpg,data/processed/wikiart_subset/images/ACD_000400.jpg,,Pietro Perugino,High Renaissance,High Renaissance,,pala di sant agostino pieta 1523,,,,,,,train
ACD_000401,wikiart,High_Renaissance/dosso-dossi_portrait-of-a-young-man-with-a-dog-and-a-cat.jpg,data/processed/wikiart_subset/images/ACD_000401.jpg,,Dosso Dossi,High Renaissance,High Renaissance,,portrait of a young man with a dog and a cat,,,,,,,validation
ACD_000402,wikiart,New_Realism/john-french-sloan_spring-rain-new-york-1912.jpg,data/processed/wikiart_subset/images/ACD_000402.jpg,,John French Sloan,New Realism,New Realism,,spring rain new york 1912,,,,,,,validation
ACD_000403,wikiart,Synthetic_Cubism/juan-gris_lamp-1916.jpg,data/processed/wikiart_subset/images/ACD_000403.jpg,,Juan Gris,Synthetic Cubism,Synthetic Cubism,,lamp 1916,,,,,,,validation
ACD_000404,wikiart,Mannerism_Late_Renaissance/paolo-veronese_portrait-of-a-gentlemen.jpg,data/processed/wikiart_subset/images/ACD_000404.jpg,,Paolo Veronese,Mannerism Late Renaissance,Mannerism Late Renaissance,,portrait of a gentlemen,,,,,,,validation
ACD_000405,wikiart,Naive_Art_Primitivism/william-h.-johnson_athlete-1940.jpg,data/processed/wikiart_subset/images/ACD_000405.jpg,,William H. Johnson,Naive Art Primitivism,Naive Art Primitivism; Expressionism,,athlete 1940,,,,,,,validation
ACD_000406,wikiart,Romanticism/francesco-hayez_ruth-1835.jpg,data/processed/wikiart_subset/images/ACD_000406.jpg,,Francesco Hayez,Romanticism,Romanticism,,ruth 1835,,,,,,,validation
ACD_000407,wikiart,New_Realism/edward-hopper_summertime.jpg,data/processed/wikiart_subset/images/ACD_000407.jpg,,Edward Hopper,New Realism,New Realism,,summertime,,,,,,,validation
ACD_000408,wikiart,Pop_Art/andy-warhol_apple.jpg,data/processed/wikiart_subset/images/ACD_000408.jpg,,Andy Warhol,Pop Art,Pop Art,,apple,,,,,,,validation
ACD_000409,wikiart,Minimalism/alighiero-boetti_zig-zag-1967.jpg,data/processed/wikiart_subset/images/ACD_000409.jpg,,Alighiero Boetti,Minimalism,Minimalism,,zig zag 1967,,,,,,,validation
ACD_000410,wikiart,High_Renaissance/lorenzo-lotto_portrait-of-a-woman.jpg,data/processed/wikiart_subset/images/ACD_000410.jpg,,Lorenzo Lotto,High Renaissance,High Renaissance,,portrait of a woman,,,,,,,validation
ACD_000411,wikiart,Early_Renaissance/andrea-mantegna_two-holy-women-in-prayer-1455.jpg,data/processed/wikiart_subset/images/ACD_000411.jpg,,Andrea Mantegna,Early Renaissance,Early Renaissance,,two holy women in prayer 1455,,,,,,,validation
ACD_000412,wikiart,Analytical_Cubism/juan-gris_portrait-of-pablo-picasso-1912.jpg,data/processed/wikiart_subset/images/ACD_000412.jpg,,Juan Gris,Analytical Cubism,Analytical Cubism,,portrait of pablo picasso 1912,,,,,,,validation
ACD_000413,wikiart,Impressionism/leon-dabo_landscape-with-pines.jpg,data/processed/wikiart_subset/images/ACD_000413.jpg,,Leon Dabo,Impressionism,Impressionism,,landscape with pines,,,,,,,validation
ACD_000414,wikiart,Rococo/jean-honore-fragonard_two-heads-danger.jpg,data/processed/wikiart_subset/images/ACD_000414.jpg,,Jean Honore Fragonard,Rococo,Rococo,,two heads danger,,,,,,,validation
ACD_000415,wikiart,Fauvism/auguste-herbin_azal-es-1905.jpg,data/processed/wikiart_subset/images/ACD_000415.jpg,,Auguste Herbin,Fauvism,Fauvism,,azal es 1905,,,,,,,validation
ACD_000416,wikiart,Northern_Renaissance/albrecht-durer_hands-of-an-apostle.jpg,data/processed/wikiart_subset/images/ACD_000416.jpg,,Albrecht Durer,Northern Renaissance,Northern Renaissance,,hands of an apostle,,,,,,,validation
ACD_000417,wikiart,Minimalism/jim-lambie_zobop-installation-view-1999-2.jpg,data/processed/wikiart_subset/images/ACD_000417.jpg,,Jim Lambie,Minimalism,Minimalism,,zobop installation view 1999 2,,,,,,,validation
ACD_000418,wikiart,Color_Field_Painting/jack-bush_attacca-1975.jpg,data/processed/wikiart_subset/images/ACD_000418.jpg,,Jack Bush,Color Field Painting,Color Field Painting,,attacca 1975,,,,,,,validation
ACD_000419,wikiart,Analytical_Cubism/pablo-picasso_seated-female-nude-1910.jpg,data/processed/wikiart_subset/images/ACD_000419.jpg,,Pablo Picasso,Analytical Cubism,Analytical Cubism,,seated female nude 1910,,,,,,,validation
ACD_000420,wikiart,Realism/ivan-shishkin_at-the-summer-cottage-1894.jpg,data/processed/wikiart_subset/images/ACD_000420.jpg,,Ivan Shishkin,Realism,Realism,,at the summer cottage 1894,,,,,,,validation
ACD_000421,wikiart,Abstract_Expressionism/blinky-palermo_komposition-blau-rot-auf-weiss-1965.jpg,data/processed/wikiart_subset/images/ACD_000421.jpg,,Blinky Palermo,Abstract Expressionism,Abstract Expressionism,,komposition blau rot auf weiss 1965,,,,,,,validation
ACD_000422,wikiart,Symbolism/nicholas-roerich_saraha-the-blessed-arrow-1925.jpg,data/processed/wikiart_subset/images/ACD_000422.jpg,,Nicholas Roerich,Symbolism,Symbolism,,saraha the blessed arrow 1925,,,,,,,validation
ACD_000423,wikiart,Ukiyo_e/tsukioka-yoshitoshi_spider-princess.jpg,data/processed/wikiart_subset/images/ACD_000423.jpg,,Tsukioka Yoshitoshi,Ukiyo E,Ukiyo e,,spider princess,,,,,,,validation
ACD_000424,wikiart,Analytical_Cubism/pablo-picasso_the-mandolinist-1911.jpg,data/processed/wikiart_subset/images/ACD_000424.jpg,,Pablo Picasso,Analytical Cubism,Analytical Cubism,,the mandolinist 1911,,,,,,,validation
ACD_000425,wikiart,Romanticism/marcus-larson_stormy-sea-with-ship-wreck-1857.jpg,data/processed/wikiart_subset/images/ACD_000425.jpg,,Marcus Larson,Romanticism,Romanticism,,stormy sea with ship wreck 1857,,,,,,,validation
ACD_000426,wikiart,Baroque/rembrandt_king-david-at-prayer-1652.jpg,data/processed/wikiart_subset/images/ACD_000426.jpg,,Rembrandt,Baroque,Baroque,,king david at prayer 1652,,,,,,,validation
ACD_000427,wikiart,High_Renaissance/luca-signorelli_the-deeds-of-the-antichrist-1502.jpg,data/processed/wikiart_subset/images/ACD_000427.jpg,,Luca Signorelli,High Renaissance,High Renaissance,,the deeds of the antichrist 1502,,,,,,,validation
ACD_000428,wikiart,Action_painting/franz-kline_painting-no-7.jpg,data/processed/wikiart_subset/images/ACD_000428.jpg,,Franz Kline,Action Painting,Action painting,,painting no 7,,,,,,,validation
ACD_000429,wikiart,Minimalism/horia-damian_the-hill-1976.jpg,data/processed/wikiart_subset/images/ACD_000429.jpg,,Horia Damian,Minimalism,Minimalism,,the hill 1976,,,,,,,validation
ACD_000430,wikiart,Romanticism/francisco-goya_young-witch-flying-with-a-rope.jpg,data/processed/wikiart_subset/images/ACD_000430.jpg,,Francisco Goya,Romanticism,Romanticism,,young witch flying with a rope,,,,,,,validation
ACD_000431,wikiart,Post_Impressionism/pierre-bonnard_the-blue-pot.jpg,data/processed/wikiart_subset/images/ACD_000431.jpg,,Pierre Bonnard,Post Impressionism,Post Impressionism,,the blue pot,,,,,,,validation
ACD_000432,wikiart,Color_Field_Painting/leon-berkowitz_cathedral-11-1968.jpg,data/processed/wikiart_subset/images/ACD_000432.jpg,,Leon Berkowitz,Color Field Painting,Color Field Painting,,cathedral 11 1968,,,,,,,validation
ACD_000433,wikiart,Pointillism/georges-lemmen_rooftops.jpg,data/processed/wikiart_subset/images/ACD_000433.jpg,,Georges Lemmen,Pointillism,Pointillism,,rooftops,,,,,,,validation
ACD_000434,wikiart,Ukiyo_e/katsushika-hokusai_street-scenes-newly-pubished-10.jpg,data/processed/wikiart_subset/images/ACD_000434.jpg,,Katsushika Hokusai,Ukiyo E,Ukiyo e,,street scenes newly pubished 10,,,,,,,validation
ACD_000435,wikiart,Analytical_Cubism/pablo-picasso_friendship-1908.jpg,data/processed/wikiart_subset/images/ACD_000435.jpg,,Pablo Picasso,Analytical Cubism,Analytical Cubism,,friendship 1908,,,,,,,validation
ACD_000436,wikiart,Pop_Art/hiro-yamagata_quantum-field-x3.jpg,data/processed/wikiart_subset/images/ACD_000436.jpg,,Hiro Yamagata,Pop Art,Pop Art,,quantum field x3,,,,,,,validation
ACD_000437,wikiart,Minimalism/robert-ryman_uncle-up.jpg,data/processed/wikiart_subset/images/ACD_000437.jpg,,Robert Ryman,Minimalism,Minimalism,,uncle up,,,,,,,validation
ACD_000438,wikiart,Mannerism_Late_Renaissance/maerten-van-heemskerck_early-palazzo-colonna-with-remains-of-the-ancient-temple-of-serapis.jpg,data/processed/wikiart_subset/images/ACD_000438.jpg,,Maerten Van Heemskerck,Mannerism Late Renaissance,Mannerism Late Renaissance,,early palazzo colonna with remains of the ancient temple of serapis,,,,,,,validation
ACD_000439,wikiart,Abstract_Expressionism/alexander-calder_three-bollards-1970.jpg,data/processed/wikiart_subset/images/ACD_000439.jpg,,Alexander Calder,Abstract Expressionism,Abstract Expressionism,,three bollards 1970,,,,,,,validation
ACD_000440,wikiart,Northern_Renaissance/albrecht-durer_crowned-holy-martyr.jpg,data/processed/wikiart_subset/images/ACD_000440.jpg,,Albrecht Durer,Northern Renaissance,Northern Renaissance,,crowned holy martyr,,,,,,,validation
ACD_000441,wikiart,Baroque/francisco-de-zurbaran_portrait-of-fra-gonzalo-de-illescas-1639.jpg,data/processed/wikiart_subset/images/ACD_000441.jpg,,Francisco De Zurbaran,Baroque,Baroque,,portrait of fra gonzalo de illescas 1639,,,,,,,validation
ACD_000442,wikiart,Realism/william-adolphe-bouguereau_cupid-and-psyche-1889.jpg,data/processed/wikiart_subset/images/ACD_000442.jpg,,William Adolphe Bouguereau,Realism,Realism,,cupid and psyche 1889,,,,,,,validation
ACD_000443,wikiart,Naive_Art_Primitivism/victor-brauner_paysage-1953.jpg,data/processed/wikiart_subset/images/ACD_000443.jpg,,Victor Brauner,Naive Art Primitivism,Naive Art Primitivism,,paysage 1953,,,,,,,validation
ACD_000444,wikiart,Expressionism/salvador-dali_head-inspired-by-michelangelo.jpg,data/processed/wikiart_subset/images/ACD_000444.jpg,,Salvador Dali,Expressionism,Expressionism,,head inspired by michelangelo,,,,,,,validation
ACD_000445,wikiart,Pointillism/kazimir-malevich_winter-landscape-1906.jpg,data/processed/wikiart_subset/images/ACD_000445.jpg,,Kazimir Malevich,Pointillism,Pointillism,,winter landscape 1906,,,,,,,validation
ACD_000446,wikiart,Impressionism/henri-de-toulouse-lautrec_hunting-1880.jpg,data/processed/wikiart_subset/images/ACD_000446.jpg,,Henri De Toulouse Lautrec,Impressionism,Impressionism,,hunting 1880,,,,,,,validation
ACD_000447,wikiart,Cubism/jean-david_arab-parables-1962.jpg,data/processed/wikiart_subset/images/ACD_000447.jpg,,Jean David,Cubism,Cubism,,arab parables 1962,,,,,,,validation
ACD_000448,wikiart,Northern_Renaissance/albrecht-altdorfer_the-battle-of-issus-fragment-1529.jpg,data/processed/wikiart_subset/images/ACD_000448.jpg,,Albrecht Altdorfer,Northern Renaissance,Northern Renaissance,,the battle of issus fragment 1529,,,,,,,validation
ACD_000449,wikiart,Ukiyo_e/utagawa-kuniyoshi_sotoku-invoking-a-thunder-storm.jpg,data/processed/wikiart_subset/images/ACD_000449.jpg,,Utagawa Kuniyoshi,Ukiyo E,Ukiyo e,,sotoku invoking a thunder storm,,,,,,,validation
ACD_000450,wikiart,Northern_Renaissance/albrecht-durer_st-dominic.jpg,data/processed/wikiart_subset/images/ACD_000450.jpg,,Albrecht Durer,Northern Renaissance,Northern Renaissance,,st dominic,,,,,,,validation
ACD_000451,wikiart,Mannerism_Late_Renaissance/correggio_coronation-of-the-virgin.jpg,data/processed/wikiart_subset/images/ACD_000451.jpg,,Correggio,Mannerism Late Renaissance,Mannerism Late Renaissance,,coronation of the virgin,,,,,,,test
ACD_000452,wikiart,Art_Nouveau_Modern/gustav-klimt_farmhouses-with-birch-trees.jpg,data/processed/wikiart_subset/images/ACD_000452.jpg,,Gustav Klimt,Art Nouveau Modern,Art Nouveau Modern,,farmhouses with birch trees,,,,,,,test
ACD_000453,wikiart,Post_Impressionism/paul-gauguin_taperaa-mahana-1892.jpg,data/processed/wikiart_subset/images/ACD_000453.jpg,,Paul Gauguin,Post Impressionism,Post Impressionism,,taperaa mahana 1892,,,,,,,test
ACD_000454,wikiart,Analytical_Cubism/georges-braque_still-life-with-a-bunch-of-grapes-1912.jpg,data/processed/wikiart_subset/images/ACD_000454.jpg,,Georges Braque,Analytical Cubism,Analytical Cubism,,still life with a bunch of grapes 1912,,,,,,,test
ACD_000455,wikiart,Synthetic_Cubism/georges-braque_wineglass-bottle-of-bass-1914.jpg,data/processed/wikiart_subset/images/ACD_000455.jpg,,Georges Braque,Synthetic Cubism,Synthetic Cubism,,wineglass bottle of bass 1914,,,,,,,test
ACD_000456,wikiart,Expressionism/lynd-ward_not-detected-272483.jpg,data/processed/wikiart_subset/images/ACD_000456.jpg,,Lynd Ward,Expressionism,Expressionism,,not detected 272483,,,,,,,test
ACD_000457,wikiart,Symbolism/konstantin-somov_asleep-on-the-grass-young-woman.jpg,data/processed/wikiart_subset/images/ACD_000457.jpg,,Konstantin Somov,Symbolism,Symbolism,,asleep on the grass young woman,,,,,,,test
ACD_000458,wikiart,Fauvism/milton-avery_artist-s-wife-1930.jpg,data/processed/wikiart_subset/images/ACD_000458.jpg,,Milton Avery,Fauvism,Fauvism; Expressionism,,artist s wife 1930,,,,,,,test
ACD_000459,wikiart,Cubism/olga-rozanova_metronome.jpg,data/processed/wikiart_subset/images/ACD_000459.jpg,,Olga Rozanova,Cubism,Cubism,,metronome,,,,,,,test
ACD_000460,wikiart,Fauvism/fikret-mualla-saygi_unknown-title-17.jpg,data/processed/wikiart_subset/images/ACD_000460.jpg,,Fikret Mualla Saygi,Fauvism,Fauvism,,unknown title 17,,,,,,,test
ACD_000461,wikiart,Expressionism/paul-klee_stage-landscape-1922(1).jpg,data/processed/wikiart_subset/images/ACD_000461.jpg,,Paul Klee,Expressionism,Expressionism,,stage landscape 1922(1),,,,,,,test
ACD_000462,wikiart,Art_Nouveau_Modern/ivan-bilibin_sketches-of-scenery-for-sadko-by-nikolai-rimsky-korsakov-1914.jpg,data/processed/wikiart_subset/images/ACD_000462.jpg,,Ivan Bilibin,Art Nouveau Modern,Art Nouveau Modern,,sketches of scenery for sadko by nikolai rimsky korsakov 1914,,,,,,,test
ACD_000463,wikiart,Analytical_Cubism/georges-braque_a-girl(1).jpg,data/processed/wikiart_subset/images/ACD_000463.jpg,,Georges Braque,Analytical Cubism,Analytical Cubism,,a girl(1),,,,,,,test
ACD_000464,wikiart,Pop_Art/roy-lichtenstein_crying-girl-1964(1).jpg,data/processed/wikiart_subset/images/ACD_000464.jpg,,Roy Lichtenstein,Pop Art,Pop Art,,crying girl 1964(1),,,,,,,test
ACD_000465,wikiart,Mannerism_Late_Renaissance/rosso-fiorentino_san-giovannino-1521.jpg,data/processed/wikiart_subset/images/ACD_000465.jpg,,Rosso Fiorentino,Mannerism Late Renaissance,Mannerism Late Renaissance,,san giovannino 1521,,,,,,,test
ACD_000466,wikiart,Minimalism/john-mclaughlin_untitled-composition-1953.jpg,data/processed/wikiart_subset/images/ACD_000466.jpg,,John Mclaughlin,Minimalism,Minimalism,,untitled composition 1953,,,,,,,test
ACD_000467,wikiart,Action_painting/franz-kline_buttress-1956.jpg,data/processed/wikiart_subset/images/ACD_000467.jpg,,Franz Kline,Action Painting,Action painting,,buttress 1956,,,,,,,test
ACD_000468,wikiart,Northern_Renaissance/gerard-david_altar-of-archangel-michael.jpg,data/processed/wikiart_subset/images/ACD_000468.jpg,,Gerard David,Northern Renaissance,Northern Renaissance,,altar of archangel michael,,,,,,,test
ACD_000469,wikiart,Synthetic_Cubism/pablo-picasso_fruit-dish-1917.jpg,data/processed/wikiart_subset/images/ACD_000469.jpg,,Pablo Picasso,Synthetic Cubism,Synthetic Cubism,,fruit dish 1917,,,,,,,test
ACD_000470,wikiart,Early_Renaissance/jacopo-bellini_profile-portrait-of-a-boy.jpg,data/processed/wikiart_subset/images/ACD_000470.jpg,,Jacopo Bellini,Early Renaissance,Early Renaissance,,profile portrait of a boy,,,,,,,test
ACD_000471,wikiart,Naive_Art_Primitivism/fernando-botero_still-life-with-green-soup.jpg,data/processed/wikiart_subset/images/ACD_000471.jpg,,Fernando Botero,Naive Art Primitivism,Naive Art Primitivism,,still life with green soup,,,,,,,test
ACD_000472,wikiart,Symbolism/nicholas-roerich_rocky-seashore-1916.jpg,data/processed/wikiart_subset/images/ACD_000472.jpg,,Nicholas Roerich,Symbolism,Symbolism,,rocky seashore 1916,,,,,,,test
ACD_000473,wikiart,Fauvism/milton-avery_conversation-1956.jpg,data/processed/wikiart_subset/images/ACD_000473.jpg,,Milton Avery,Fauvism,Fauvism; Expressionism,,conversation 1956,,,,,,,test
ACD_000474,wikiart,Realism/jean-francois-millet_landscape-vichy-1866.jpg,data/processed/wikiart_subset/images/ACD_000474.jpg,,Jean Francois Millet,Realism,Realism,,landscape vichy 1866,,,,,,,test
ACD_000475,wikiart,New_Realism/edward-hopper_house-at-the-fort-gloucester.jpg,data/processed/wikiart_subset/images/ACD_000475.jpg,,Edward Hopper,New Realism,New Realism,,house at the fort gloucester,,,,,,,test
ACD_000476,wikiart,Rococo/william-hogarth_second-stage-of-cruelty-1751.jpg,data/processed/wikiart_subset/images/ACD_000476.jpg,,William Hogarth,Rococo,Rococo,,second stage of cruelty 1751,,,,,,,test
ACD_000477,wikiart,Pop_Art/george-segal_the-bus-driver-1962.jpg,data/processed/wikiart_subset/images/ACD_000477.jpg,,George Segal,Pop Art,Pop Art,,the bus driver 1962,,,,,,,test
ACD_000478,wikiart,Minimalism/lee-ufan_from-point-1980.jpg,data/processed/wikiart_subset/images/ACD_000478.jpg,,Lee Ufan,Minimalism,Minimalism,,from point 1980,,,,,,,test
ACD_000479,wikiart,Northern_Renaissance/bernhard-strigel_portrait-of-the-cuspinian-family.jpg,data/processed/wikiart_subset/images/ACD_000479.jpg,,Bernhard Strigel,Northern Renaissance,Northern Renaissance,,portrait of the cuspinian family,,,,,,,test
ACD_000480,wikiart,Early_Renaissance/fra-angelico_madonna-and-child.jpg,data/processed/wikiart_subset/images/ACD_000480.jpg,,Fra Angelico,Early Renaissance,Early Renaissance,,madonna and child,,,,,,,test
ACD_000481,wikiart,Cubism/olga-rozanova_a-blue-fan-1915.jpg,data/processed/wikiart_subset/images/ACD_000481.jpg,,Olga Rozanova,Cubism,Cubism,,a blue fan 1915,,,,,,,test
ACD_000482,wikiart,Early_Renaissance/fra-angelico_communion-of-the-apostles-1452.jpg,data/processed/wikiart_subset/images/ACD_000482.jpg,,Fra Angelico,Early Renaissance,Early Renaissance,,communion of the apostles 1452,,,,,,,test
ACD_000483,wikiart,Pop_Art/patrick-caulfield_big-sausage-1978.jpg,data/processed/wikiart_subset/images/ACD_000483.jpg,,Patrick Caulfield,Pop Art,Pop Art,,big sausage 1978,,,,,,,test
ACD_000484,wikiart,Color_Field_Painting/gene-davis_two-yellows-1959(1).jpg,data/processed/wikiart_subset/images/ACD_000484.jpg,,Gene Davis,Color Field Painting,Color Field Painting,,two yellows 1959(1),,,,,,,test
ACD_000485,wikiart,Post_Impressionism/paul-gauguin_breton-boy-in-a-landscape-with-goose-1889.jpg,data/processed/wikiart_subset/images/ACD_000485.jpg,,Paul Gauguin,Post Impressionism,Post Impressionism,,breton boy in a landscape with goose 1889,,,,,,,test
ACD_000486,wikiart,Baroque/rembrandt_self-portrait-with-hat-and-gold-chain-1633.jpg,data/processed/wikiart_subset/images/ACD_000486.jpg,,Rembrandt,Baroque,Baroque,,self portrait with hat and gold chain 1633,,,,,,,test
ACD_000487,wikiart,Synthetic_Cubism/pablo-picasso_couple-of-dancers-1915.jpg,data/processed/wikiart_subset/images/ACD_000487.jpg,,Pablo Picasso,Synthetic Cubism,Synthetic Cubism,,couple of dancers 1915,,,,,,,test
ACD_000488,wikiart,Pointillism/henri-edmond-cross_the-blue-boat.jpg,data/processed/wikiart_subset/images/ACD_000488.jpg,,Henri Edmond Cross,Pointillism,Pointillism,,the blue boat,,,,,,,test
ACD_000489,wikiart,High_Renaissance/michelangelo_the-study-of-adam-1.jpg,data/processed/wikiart_subset/images/ACD_000489.jpg,,Michelangelo,High Renaissance,High Renaissance,,the study of adam 1,,,,,,,test
ACD_000490,wikiart,Synthetic_Cubism/ad-reinhardt_collage-1940.jpg,data/processed/wikiart_subset/images/ACD_000490.jpg,,Ad Reinhardt,Synthetic Cubism,Synthetic Cubism,,collage 1940,,,,,,,test
ACD_000491,wikiart,Contemporary_Realism/neil-welliver_cold-claudia-1969.jpg,data/processed/wikiart_subset/images/ACD_000491.jpg,,Neil Welliver,Contemporary Realism,Contemporary Realism,,cold claudia 1969,,,,,,,test
ACD_000492,wikiart,Impressionism/alfred-sisley_a-path-in-louveciennes-1876.jpg,data/processed/wikiart_subset/images/ACD_000492.jpg,,Alfred Sisley,Impressionism,Impressionism,,a path in louveciennes 1876,,,,,,,test
ACD_000493,wikiart,Action_painting/jackson-pollock_number-3(3).jpg,data/processed/wikiart_subset/images/ACD_000493.jpg,,Jackson Pollock,Action Painting,Action painting,,number 3(3),,,,,,,test
ACD_000494,wikiart,Fauvism/piet-mondrian_church-tower-at-domburg-1911.jpg,data/processed/wikiart_subset/images/ACD_000494.jpg,,Piet Mondrian,Fauvism,Fauvism,,church tower at domburg 1911,,,,,,,test
ACD_000495,wikiart,Art_Nouveau_Modern/alphonse-mucha_nude-on-a-rock-1899.jpg,data/processed/wikiart_subset/images/ACD_000495.jpg,,Alphonse Mucha,Art Nouveau Modern,Art Nouveau Modern,,nude on a rock 1899,,,,,,,test
ACD_000496,wikiart,Color_Field_Painting/helen-frankenthaler_wind-directions-1970.jpg,data/processed/wikiart_subset/images/ACD_000496.jpg,,Helen Frankenthaler,Color Field Painting,Color Field Painting,,wind directions 1970,,,,,,,test
ACD_000497,wikiart,Naive_Art_Primitivism/raoul-dufy_gladioli-1942.jpg,data/processed/wikiart_subset/images/ACD_000497.jpg,,Raoul Dufy,Naive Art Primitivism,Naive Art Primitivism,,gladioli 1942,,,,,,,test
ACD_000498,wikiart,Pop_Art/burhan-dogancay_walls-v-4-1969.jpg,data/processed/wikiart_subset/images/ACD_000498.jpg,,Burhan Dogancay,Pop Art,Pop Art,,walls v 4 1969,,,,,,,test
ACD_000499,wikiart,Symbolism/mikhail-vrubel_eastern-dance-1887.jpg,data/processed/wikiart_subset/images/ACD_000499.jpg,,Mikhail Vrubel,Symbolism,Symbolism,,eastern dance 1887,,,,,,,test
ACD_000500,wikiart,Color_Field_Painting/mario-cesariny_sem-t-tulo-2001.jpg,data/processed/wikiart_subset/images/ACD_000500.jpg,,Mario Cesariny,Color Field Painting,Color Field Painting,,sem t tulo 2001,,,,,,,test
